zdaid;version;accid;accversion
58798;1119896-1253146;50170238;1343585
47907;1119821-1754054;50170161;1343739
47907;1119821-1754054;50170162;1343737
47874;1096605-1096528;50170523;1343017
43181;1119819-1119820;50170240;1343581
43180;1096400-1096399;50171172;1342123
57674;57674-63594;50170776;1342511
47878;1106031-1106030;50170147;1606765
43176;1092575-1092576;50170114;1343833
462901;1106623-1661476;50170746;1342571
48489;1106659-1106658;50170141;1343779
47530;1119783-1119784;50171238;1341991
47943;1244777-1244778;50170102;1343857
45761;45761-60084;50170838;1342387
47130;1119765-1119766;50170094;1343873
47910;1085996-1244776;50170739;1342585
43165;1098498-1098499;50170329;1343403
46897;1119734-1119735;50170122;1343817
47909;1106631-1244797;50170714;1342635
43161;1106638-1647360;50170556;1342951
43161;1106638-1647360;50170187;1343687
43159;1115707-1244783;50170594;1342875
411375;1106610-1106609;50170414;1343235
47486;1098169-1098170;50170567;1342929
43151;1098120-1098121;50170244;1343573
46298;46298-69662;50170389;1343285
46298;46298-69662;50170536;1342991
47881;1097896-1097897;50170320;1343421
47881;1097896-1097897;50170667;1342729
43229;1097782-1097783;50170792;1342479
43227;43227-70064;50170482;1343099
43236;1097649-1097648;50170229;1343603
47901;1119626-1119627;50170224;1343613
45820;45820-60006;50171322;1341823
43235;1096761-1096760;50171194;1342079
43235;1096761-1096760;50170316;1343429
43235;1096761-1096760;50171193;1342081
427872;1096012-1096013;50171275;1341917
427872;1096012-1096013;50171276;1341915
47939;1119618-1119619;50170815;1342433
47939;1119618-1119619;50170816;1342431
43246;1095748-1095749;50170809;1342445
43246;1095748-1095749;50170415;1343233
43142;1095697-1095713;50170263;1343535
43142;1095697-1095713;50170376;1343311
43136;1095420-1095421;50170200;1343661
43084;43084-1095085;50170055;1343951
43083;1094862-1094874;50170446;1343171
43082;1270247-1270248;50171148;1342171
43082;1270247-1270248;50170346;1343369
43082;1270247-1270248;50171251;1341965
43082;1270247-1270248;50171280;1341907
47935;1094481-1094482;50170313;1343435
47935;1094481-1094482;50170314;1343433
43134;1092880-1092881;50170330;1343401
43132;1092818-1092809;50170082;1343897
47884;1091697-1091698;50170270;1343521
47911;1119604-1119605;50170455;1343153
47911;1119604-1119605;50170456;1343151
47906;1119595-1119596;50170279;1343503
47906;1119595-1119596;50170284;1343493
43081;1119597-1119598;50170898;1342267
47322;1088609-1647361;50171213;1342041
47898;1119572-1119573;50170909;1342245
47898;1119572-1119573;50170294;1343473
43075;1086445-1086076;50170037;1343987
43075;1086445-1086076;50170374;1343315
43075;1086445-1086076;50170370;1343323
47095;1119890-1244775;50170264;1343533
473159;1119570-1119571;50170039;1343983
473159;1119570-1119571;50170847;1342369
473159;1119570-1119571;50170090;1343881
47491;1091502-1091532;50170103;1343855
43115;1086377-1086376;50170720;1342623
43111;1091057-1549511;50170526;1343011
46035;46035-69682;50171255;1341957
58879;1119560-1119561;50170227;1343607
47930;1088844-1088961;50170652;1342759
43106;1088898-1088837;50170641;1342781
43106;1088898-1088837;50170642;1342779
43106;1088898-1088837;50170145;1343771
47590;1088858-1088856;50171245;1341977
47927;1243160-1244781;50170620;1342823
47927;1243160-1244781;50170911;1342241
42516;1085348-1085349;50170896;1342271
43105;43105-65752;50171233;1342001
43102;1119546-1119547;50170825;1342413
411362;1086039-1086040;50170417;1343229
43100;1086042-1086041;50170136;1343789
43100;1086042-1086041;50171304;1341859
43099;43099-59940;50170827;1342409
43099;43099-59940;50170823;1342417
47925;1119544-1119545;50171254;1341959
43098;1085748-1085749;50170527;1343009
47924;1085176-1085177;50170257;1343547
47905;47905-59830;50170293;1343475
47905;47905-59830;50170619;1342825
45453;45453-1108637;50170219;1343623
47517;1119542-1119543;50170607;1342849
46984;1087957-1087895;50170676;1342711
46984;1087957-1087895;50170671;1342721
46984;1087957-1087895;50170672;1342719
45763;1087774-1087787;50171151;1342165
47654;1087754-1087693;50170925;1342213
43091;1087585-1087567;50171191;1342085
43090;1087184-1087194;50170288;1343485
47119;1086892-1086949;50170050;1343961
43071;1086784-1086785;50171143;1342181
43068;1085371-1208866;50170429;1343205
44521;44521-71989;50147758;1573123
42155;1026714-71432;50148461;1661211
42759;1035236-70990;50148770;1572266
44867;44867-71366;50148457;1572520
44840;44840-71270;50148448;1572529
44504;44504-655391;50148379;1572588
425987;846468-1102405;50148326;1572634
425987;846468-1102405;50148325;1572635
43567;43567-1108636;50148264;1572694
42545;1332151-1332150;50148218;1572736
45234;1035238-71576;50148702;1572330
45234;1035238-71576;50148879;1572163
45609;1034811-71900;50148059;1661250
58728;1098467-1274414;50148884;1572158
58716;58716-840995;50148807;1572230
58716;58716-840995;50147808;1573076
42195;1026746-71519;50147878;1573015
44509;44509-1108675;50147914;1572981
42230;1026775-71293;50148401;1572567
42230;1026775-71293;50148400;1572568
42380;1034776-657672;50148851;1661191
44962;44962-71285;50148269;1572692
44962;44962-71285;50148271;1572687
44066;44066-70426;50148223;1661233
44594;44594-71243;50148262;1572696
58767;1034611-71920;50148060;1824336
43411;917052-71001;50148124;1572822
43411;917052-71001;50148123;1572823
47891;47891-73695;50148066;1572869
44911;1338069-1338068;50148114;1572831
44579;44579-73788;50210186;1571976
45314;917064-917065;50147856;1573036
42390;1037764-73621;50148761;1572274
417675;828124-1108674;50148871;1572169
462351;1239088-1244774;50147855;1573037
462351;1239088-1244774;50147854;1573038
417675;828124-1108674;50147805;1573079
45020;45020-71315;50147911;1572984
42381;1304850-1209693;50210140;1606656
42381;1304850-1209693;50148386;1572583
42381;1304850-1209693;50210141;1606655
51612;51612-71157;50148367;1572598
44052;44052-71785;50148344;1572618
43811;43811-71558;50148215;1572739
43811;43811-71558;50148214;1572740
44435;44435-71133;50148115;1606987
44515;44515-1183711;50148877;1572165
44515;44515-1183711;50147768;1573114
479055;1187212-71521;50148463;1572518
42557;1034934-71156;50148372;1572593
44461;44461-71292;50148267;1661229
45193;45193-841080;50148307;1572651
42334;1034598-71034;50148237;1572719
42334;1034598-71034;50210124;1606663
42822;1035348-654915;50148057;1661252
479053;1187182-1108593;50148090;1661242
45340;1034585-1105472;50148027;1572894
45581;45581-71957;50147736;1573141
45581;45581-71957;50147737;1573140
45120;45120-71202;50148827;1572208
43055;43055-71808;50147896;1572997
43055;43055-71808;50147894;1572999
42977;42977-71124;50148255;1606975
47021;47021-71054;50148246;1572710
47021;47021-71054;50148241;1572715
47021;47021-71054;50210125;1572000
47136;1119888-1119889;50170085;1343891
47967;47967-61850;50170255;1343551
43225;1110009-1106569;50170886;1342291
43225;1110009-1106569;50170508;1343047
43221;1119878-1119879;50170159;1343743
47966;1109975-1106576;50171320;1341827
46307;1100343-1100344;50170267;1343527
46307;1100343-1100344;50170618;1342827
46304;46304-69671;50170260;1343541
43219;43219-63880;50170841;1342381
43217;1099996-1099997;50170323;1343415
47588;47588-1099896;50171197;1342073
43211;1119868-1119869;50170061;1343939
46926;1099752-1099751;50171175;1342117
43208;1099636-1099637;50170871;1342321
47961;1274423-1274424;50171314;1341839
47961;1274423-1274424;50171315;1341837
43195;1119860-1119861;50171224;1342019
43190;1119847-1119848;50170921;1342221
47949;1119845-1119846;50171236;1341995
43202;1085830-1085831;50170598;1342867
47953;1098809-1098765;50170805;1342453
47953;1098809-1098765;50170920;1342223
45814;45814-62172;50170091;1343879
47952;1085636-1085637;50170919;1342225
47952;1085636-1085637;50171300;1341867
479059;1187250-1097490;50170798;1342467
47877;1097475-1097476;50171248;1341971
47877;1097475-1097476;50170194;1343673
47877;1097475-1097476;50170195;1343671
47877;1097475-1097476;50170130;1343801
42356;1119929-1119930;50170707;1342649
58498;58498-73798;50170379;1343305
44514;44514-71545;50170079;1343903
42311;1026966-71853;50148414;1606962
43425;43425-71940;50147924;1572973
45417;45417-71237;50148023;1661262
42778;1328246-1328247;50148232;1572724
45222;1037789-73650;50148050;1572878
44901;44901-71961;50148087;1572854
45274;1036962-71013;50148036;1572890
47954;1822269-1822270;50171301;1341865
43245;1822265-1822267;50170281;1343499
43245;1822265-1822267;50170070;1343921
43169;1822260-1822261;50148545;1572444
43239;1822258-1822259;50148603;1572395
47879;1822229-1822230;50170228;1343605
43086;1822214-1822215;50210309;1571946
43086;1822214-1822215;50210310;1571944
470548;1821228-1327660;50148844;1572192
470548;1821228-1327660;50148547;1572442
470548;1821228-1327660;50148846;1572190
477682;1780827-1782109;50210230;1571962
45056;45056-71403;50147863;1573029
58727;58727-1337990;50148184;1572769
44133;44133-71815;50147951;1661278
44372;44372-71435;50147934;1661284
462369;1641338-655066;50147810;1661298
44332;44332-71751;50147949;1572960
462374;999333-1244767;50148489;1572495
462374;999333-1244767;50147869;1573023
44310;44310-71787;50147890;1573003
462358;1641340-71673;50148053;1572876
43298;43298-71840;50148410;1572558
43310;43310-71326;50148303;1572655
43310;43310-71326;50148299;1572659
43310;43310-71326;50148298;1572660
58718;1119719-1304195;50148663;1806069
58718;1119719-1304195;50147867;1806065
58718;1119719-1304195;50148491;1806077
470549;1801046-1327660;50148844;1572192
44617;44617-71311;50148718;1572315
44617;44617-71311;50148406;1572562
490767;1569400-1533753;50210358;1571916
490769;1569401-1533572;50149895;1572086
42210;1026754-71419;50147929;1661287
42288;1026949-1030331;50148192;1572761
42280;1803838-1332071;50147783;1573100
42280;1803838-1332071;50208162;1606691
42280;1803838-1332071;50147784;1661299
42271;1026851-1209699;50147947;1661280
44997;44997-71117;50147828;1573059
44931;44931-71367;50147909;1572986
44931;44931-71367;50147908;1572987
44931;44931-71367;50147907;1572988
44909;1348042-655244;50147821;1573066
44909;1348042-655244;50147824;1573063
44909;1348042-655244;50147823;1573064
44909;1348042-655244;50147825;1573062
42587;1641337-71264;50147798;1573086
42587;1641337-71264;50147797;1573087
42587;1641337-71264;50147792;1573092
43898;43898-71324;50148699;1572333
43898;43898-71324;50148177;1572776
42874;42874-841015;50148362;1572603
44055;44055-71909;50148421;1572548
44055;44055-71909;50210146;1571992
44055;44055-71909;50210147;1571990
42889;1806181-70522;50148693;1572338
58718;1119719-1304195;50171289;1341889
58718;1119719-1304195;50171252;1806120
44211;1802807-1802808;50210157;1661177
46689;1802209-1802210;50170502;1343059
46689;1802209-1802210;50170304;1343453
44602;1801070-64021;50170301;1343459
44602;1801070-64021;50170302;1343457
44602;1801070-64021;50170485;1343093
43196;1801065-1097579;50170213;1343635
45493;1801063-1178429;50170774;1342515
45493;1801063-1178429;50170247;1343567
43248;1801060-1106570;50170790;1342483
473506;1801059-1098279;50170586;1342891
473506;1801059-1098279;50170444;1343175
47969;1801055-72177;50170628;1342807
47923;1801028-72124;50170220;1343621
44877;1347558-655066;50170287;1343487
44877;1347558-655066;50148849;1572187
474082;1328422-1328423;50148868;1572172
43407;43407-1806054;50148173;1606980
45322;45322-1209702;50148479;1572504
43333;43333-1347506;50148500;1572486
42531;1332134-1332133;50149009;1572130
473458;1328218-1328217;50148511;1572475
473458;1328218-1328217;50148509;1572477
47247;47247-71647;50148006;1572913
42318;1034651-1232996;50148001;1572918
473477;1097017-71545;50148898;1572144
42231;1779508-1779509;50148728;1572305
43026;43026-71318;50147972;1572944
42962;1327463-1327464;50147943;1572964
43283;43283-71328;50147974;1572942
44316;44316-657728;50148812;1572225
43153;1641339-655322;50148559;1572432
43153;1641339-655322;50147981;1572936
43153;1641339-655322;50148698;1572334
43153;1641339-655322;50148560;1785196
43153;1641339-655322;50148561;1572430
44526;44526-71006;50148476;1572507
44526;44526-71006;50148475;1572508
470524;1244788-1244787;50148395;1572576
470524;1244788-1244787;50208135;1572036
42582;1035065-1244772;50148766;1572270
42582;1035065-1244772;50147995;1572924
42582;1035065-1244772;50147998;1572921
42582;1035065-1244772;50147999;1572920
44479;44479-71442;50147941;1824338
44528;44528-71663;50147980;1572937
45102;1782229-1782252;50147790;1573094
480289;1220233-1098891;50148887;1572155
480289;1220233-1098891;50148892;1572150
43152;1105578-1105587;50148601;1661203
43231;1741188-1096173;50170657;1342749
43231;1741188-1096173;50171208;1342051
47325;1119758-1119759;50170179;1343703
58581;1119881-1119882;50170411;1343241
58774;1119730-1119731;50211248;1711739
411372;1095720-1095721;50234632;1702152
43077;1713136-1088672;50211665;1606769
43078;1713127-1119579;50171309;1341849
43078;1713127-1119579;50171308;1341851
494020;1711030-1682221;50234342;1684326
462357;1615084-1119934;50234651;1702235
411332;1087996-1710787;50234646;1702209
411332;1087996-1710787;50234647;1702211
411332;1087996-1710787;50234645;1702207
411421;1119800-1119801;50234639;1702183
411326;1097250-1097251;50234629;1702142
411495;1119728-1119729;50229051;1678138
411405;1097639-1097640;50229045;1678126
411488;1119606-1119607;50229039;1678114
411345;1089004-1089009;50229035;1678106
411378;1088999-1088971;50229032;1678097
411396;1091409-1091465;50229027;1676367
473843;1105941-1336948;50210259;1661173
415091;634531-1648223;50170639;1342785
44884;1624106-1590987;50210131;1606662
47599;1119835-1119836;50171149;1607143
47599;1119835-1119836;50170337;1607144
44411;1096826-1096827;50170682;1607137
44411;1096826-1096827;50211669;1607135
43166;1119744-1119745;50170110;1343841
43201;1098709-1098710;50211666;1606773
462375;999387-1338765;50147905;1572990
45873;45873-1185581;50148557;1572434
45873;45873-1185581;50148881;1572161
462398;1597421-1158438;50170308;1343445
462394;1590890-1180723;50170276;1821460
462394;1590890-1180723;50147781;1573102
490775;1556865-1533785;50149983;1572044
490763;1569398-1533543;50210357;1571918
490907;1556864-1571855;50210366;1615516
490840;1555983-1548187;50149934;1572066
44057;1556080-70645;50148126;1572820
42639;1187207-1177749;50208193;1606685
43147;1570782-1095944;50170087;1343887
43147;1570782-1095944;50170088;1343885
43157;1570780-1086153;50171231;1342005
43127;1570777-73266;50171157;1342153
412743;1570776-1274434;50170780;1342503
47684;1570775-1119741;50171188;1342091
47684;1570775-1119741;50171190;1342087
43092;1570772-1087602;50170604;1342855
43080;1570769-1244780;50170693;1342677
43194;1570768-1274421;50170734;1342595
43164;1570766-1119737;50170405;1343253
487011;1568701-1568702;50211316;1569867
483901;1569389-1391541;50149327;1572120
47238;1105546-1105547;50148778;1572258
47238;1105546-1105547;50148571;1572424
59206;1106066-1106067;50148622;1572379
58270;58270-73042;50210218;1606645
58270;58270-73042;50148583;1648111
47900;47900-655336;50148591;1572405
47940;1119732-1119733;50148664;1572341
58875;1105646-1105645;50148537;1572452
58875;1105646-1105645;50148536;1572453
58875;1105646-1105645;50148538;1572451
58874;1085302-1085300;50148683;1572340
58937;1119785-1119786;50148598;1572399
474069;1107763-63029;50148865;1572175
43175;1119802-1119803;50148640;1572363
43172;1105608-1105629;50148594;1572402
43146;1119620-1119621;50148584;1572412
43135;1105548-1105549;50148574;1572421
43124;43124-69647;50148633;1572369
43125;1105902-1105900;50148625;1572376
43103;1105883-1105885;50148841;1572194
43103;1105883-1105885;50210312;1606638
43101;1105536-1105537;50148595;1661204
43094;1103124-1103123;50210223;1606643
43067;1119536-1119537;50148751;1572283
43067;1119536-1119537;50148753;1572282
45877;1105940-1105938;50148614;1572386
473875;1106207-71673;50148568;1572427
43224;1105823-1105822;50148570;1572425
43228;43228-69622;50148796;1572241
463354;1026891-71073;50148152;1572799
463354;1026891-71073;50148154;1572797
44453;1556867-69884;50148856;1572182
44580;1249384-1249385;50148715;1572318
44580;1249384-1249385;50149619;1572106
47916;1549390-1549389;50171237;1341993
44825;44825-73634;50147920;1572976
44924;700137-700138;50147921;1661289
45194;45194-71795;50147888;1573005
45194;45194-71795;50148825;1572210
45194;45194-71795;50147889;1573004
47158;1524030-1087767;50170564;1342935
47158;1524030-1087767;50170563;1342937
43076;1106573-1106574;50171261;1341945
483280;1370657-1361896;50149175;1572127
45558;45558-73848;50147931;1607028
45447;45447-71286;50199486;1494292
44833;44833-1806057;50147767;1607042
46286;46286-69950;50171324;1341819
42734;1037763-71132;50148166;1572785
45363;841067-841068;50148799;1572238
44885;44885-71184;50148826;1572209
44273;44273-71125;50148437;1661218
44487;1101343-1101344;50148109;1572836
462352;998855-71135;50148012;1572907
44875;44875-71092;50148013;1572906
43204;43204-655337;50170494;1343075
45301;45301-1244771;50148911;1572141
45301;45301-1244771;50148910;1572142
45301;45301-1244771;50148701;1572331
473111;1087364-1244771;50148701;1572331
45430;45430-71162;50148390;1572580
42560;1034962-73647;50148322;1572638
42560;1034962-73647;50148323;1572637
42589;1034979-73689;50148101;1661239
42589;1034979-73689;50148096;1572848
44314;1179883-1331967;50170246;1343569
462376;999021-1331967;50147887;1573006
43222;1119885-917049;50171235;1341997
43116;1091361-1091362;50170867;1342329
43163;43163-70412;50170134;1343793
483278;1370656-1361888;50149173;1572129
43154;1119723-1533244;50170723;1342617
47968;47968-66650;50170076;1343909
43251;1119613-1119614;50170248;1343565
43251;1119613-1119614;50170064;1343933
58757;58757-1105495;50170239;1343583
47875;1085307-1106544;50170428;1343207
45904;45904-70586;50148743;1572291
45904;45904-70586;50148739;1572295
45712;1328227-1328228;50148228;1572728
45049;1348067-1348066;50148150;1572801
45170;1348050-1348049;50148454;1572523
44641;1348011-1348010;50148823;1572212
44119;1347960-1347959;50148356;1572608
44075;1347950-1806056;50147761;1573120
44075;1347950-1806056;50147760;1573121
44067;1347830-1347831;50148224;1572732
43674;1347818-1347817;50148795;1572242
43674;1347818-1347817;50210108;1572012
43566;1347784-1347783;50148791;1572246
42885;1347696-1347695;50148168;1572783
43192;1347559-1099262;50170499;1343065
43096;1347553-1087932;50170633;1342797
44508;1346947-70657;50147874;1573018
44508;1346947-70657;50148745;1572289
44508;1346947-70657;50147843;1607037
470519;1090150-1113509;50170782;1342499
473461;1309045-1309044;50148076;1572864
473461;1309045-1309044;50148077;1572863
49515;917063-71045;50148426;1572545
49515;917063-71045;50148428;1572543
44532;44532-71591;50148209;1572745
44512;44512-71579;50148213;1572741
44510;44510-71799;50147897;1572996
480287;1218655-1178429;50148886;1572156
44923;44923-71870;50149586;1572109
44072;44072-71703;50148332;1572629
462941;1090149-1180723;50147781;1573102
462941;1090149-1180723;50147780;1573103
43395;43395-71294;50148276;1572682
43395;43395-71294;50148275;1572683
42175;1026734-1232994;50148748;1572286
42175;1026734-1232994;50147848;1573043
45704;1026701-1209692;50148450;1572527
45704;1026701-1209692;50148451;1572526
44140;44140-71595;50148207;1572747
45205;917066-71781;50148309;1572649
44520;44520-71710;50148335;1572626
44524;44524-71084;50148249;1572708
44524;44524-71084;50148252;1572705
44524;44524-71084;50148250;1572707
42311;1026966-71853;50148413;1572555
42311;1026966-71853;50148416;1824290
43425;43425-71940;50148784;1572252
43425;43425-71940;50147925;1824285
45267;1034998-73651;50148039;1572888
44901;44901-71961;50147926;1572971
44901;44901-71961;50148088;1661244
43524;43524-71434;50148787;1606932
43524;43524-71434;50147928;1607031
45274;1036962-71013;50148037;1572889
43239;1822258-1822259;50170410;1343243
43239;1822258-1822259;50148801;1572236
47879;1822229-1822230;50170254;1343553
470548;1821228-1327660;50148546;1572443
43188;1821216-1805091;50170700;1342663
43188;1821216-1805091;50170503;1343057
42588;1782289-1782308;50148469;1572513
42344;1034573-1617093;50147750;1824340
42344;1034573-1617093;50147749;1824341
477682;1780827-1782109;50148551;1572439
477682;1780827-1782109;50208147;1572030
45100;1034564-71320;50148182;1572771
45196;1026715-71728;50147948;1661279
45165;45165-71363;50148814;1572223
46492;1779510-1306818;50148070;1785200
46492;1779510-1306818;50208226;1785193
44345;44345-658586;50148459;1661213
462369;1641338-655066;50147813;1661297
462374;999333-1244767;50148663;1806069
462374;999333-1244767;50147870;1573022
462374;999333-1244767;50148494;1572491
462374;999333-1244767;50148491;1806077
462358;1641340-71673;50147946;1572961
490909;1800229-1497337;50149981;1572048
490909;1800229-1497337;50210363;1824332
44529;44529-71889;50148656;1572348
44529;44529-71889;50149618;1572107
43298;43298-71840;50148408;1572560
44593;44593-71273;50148398;1572570
44642;1348015-1348016;50148295;1572663
44642;1348015-1348016;50148292;1572666
44642;1348015-1348016;50148294;1572664
44642;1348015-1348016;50148293;1572665
43310;43310-71326;50210106;1572014
58718;1119719-1304195;50148492;1806073
470549;1801046-1327660;50148843;1572193
470549;1801046-1327660;50147945;1572962
44617;44617-71311;50148717;1572316
44600;1348000-1347999;50147817;1573070
44600;1348000-1347999;50147819;1573068
490767;1569400-1533753;50210355;1571922
490767;1569400-1533753;50149893;1572090
490769;1569401-1533572;50149896;1572084
490836;1753888-1753825;50149939;1572056
42237;42237-1113542;50148102;1572843
42288;1026949-1030331;50147742;1573135
42288;1026949-1030331;50148194;1572759
44997;44997-71117;50147829;1573058
44909;1348042-655244;50208192;1606686
44909;1348042-655244;50147822;1573065
44909;1348042-655244;50147827;1573060
42587;1641337-71264;50147799;1573085
42587;1641337-71264;50148697;1572335
43898;43898-71324;50148800;1572237
43898;43898-71324;50148178;1572775
42732;1035155-71893;50147953;1661276
42874;42874-841015;50148365;1572600
42980;1347715-1347716;50148200;1572753
44055;44055-71909;50148420;1572549
42889;1806181-70522;50148695;1572336
42889;1806181-70522;50148694;1572337
42889;1806181-70522;50210115;1606665
46222;1802196-73482;50170547;1342969
47767;1801067-1209690;50170772;1342519
43167;1801061-63989;50170791;1342481
47937;1801056-1097915;50170850;1342363
47969;1801055-72177;50170888;1342287
422065;1801054-999517;50170062;1343937
47412;1801048-1119617;50171265;1341937
47880;1801045-1095560;50170211;1343639
43118;1801041-1091435;50170033;1343995
43118;1801041-1091435;50170074;1343913
43112;1801037-1119563;50171325;1341817
47790;1801030-1088031;50170681;1342701
47923;1801028-72124;50170487;1343089
43069;1801026-1119704;50170441;1343181
47888;1270249-1270250;50148783;1572253
44877;1347558-655066;50148605;1572393
58566;1347556-1244767;50148489;1572495
45102;1782229-1782252;50148652;1661194
46366;1095249-1095250;50243579;1797549
44860;854781-1244804;50148703;1572329
45322;45322-1209702;50148478;1572505
45322;45322-1209702;50148813;1572224
43333;43333-1347506;50148497;1572489
44881;841099-841098;50208134;1661184
43693;43693-72240;50148727;1572306
47247;47247-71647;50148008;1572911
47247;47247-71647;50148004;1572915
45487;1034792-1347472;50148513;1572473
473477;1097017-71545;50148896;1572146
42231;1779508-1779509;50148729;1572304
43026;43026-71318;50148280;1572678
43969;43969-72168;50211182;1785190
43969;43969-72168;50148888;1572154
43785;43785-835928;50147963;1572951
43785;43785-835928;50147964;1572950
43785;43785-835928;50147961;1572953
43153;1641339-655322;50148653;1572351
45664;45664-71284;50208141;1661183
45664;45664-71284;50147966;1661270
44012;44012-72118;50210170;1571980
470524;1244788-1244787;50148393;1572578
470524;1244788-1244787;50148848;1572188
45139;1338485-1338481;50148487;1661207
44236;1323693-1323694;50147993;1572926
45676;1035205-71298;50147970;1572946
45676;1035205-71298;50148175;1606700
45676;1035205-71298;50148452;1572525
44479;44479-71442;50211180;1824328
44528;44528-71663;50148009;1572910
58759;1780866-1782109;50148552;1572438
42345;1779648-1779681;50208205;1606682
42345;1779648-1779681;50208206;1606681
42345;1779648-1779681;50147771;1573111
480289;1220233-1098891;50148890;1572152
490834;1754073-1754054;50149941;1572052
47327;1119566-1119567;50170605;1342853
58774;1119730-1119731;50148842;1711747
43179;1713065-1119816;50171256;1341955
494022;1711031-69884;50234345;1684335
462357;1615084-1119934;50234648;1702224
58955;1088372-1088373;50234643;1702203
411348;1549501-1549500;50234641;1702190
411326;1097250-1097251;50234630;1702140
411342;1098022-1098023;50234628;1702136
411384;1119781-1119782;50229050;1678136
411405;1097639-1097640;50229047;1678130
59038;1119874-1119875;50229041;1678118
411390;1106591-1106590;50229033;1678099
411390;1106591-1106590;50229034;1678101
411338;1099728-1099729;50229029;1676371
411440;1091408-1091456;50229028;1676369
59301;1092370-1092368;50229024;1676356
411492;1088439-1088440;50229023;1676354
58471;1309074-1309075;50210094;1606669
44884;1624106-1590987;50148283;1572675
43097;1607888-1105903;50148760;1572275
43166;1119744-1119745;50211667;1606775
43201;1098709-1098710;50170893;1342277
462398;1597421-1158438;50170291;1343479
473873;1497342-1497340;50148686;1606934
490775;1556865-1533785;50149986;1572038
490775;1556865-1533785;50149984;1572042
490773;1569403-1119930;50149898;1661185
490763;1569398-1533543;50149886;1572104
490763;1569398-1533543;50210356;1571920
490763;1569398-1533543;50210353;1571926
44057;1556080-70645;50149932;1572070
44057;1556080-70645;50149929;1572076
47482;1570783-1119770;50171173;1342121
46965;1570781-1119727;50170643;1342777
46965;1570781-1119727;50170910;1342243
46477;1570779-65663;50170489;1343085
43127;1570777-73266;50171160;1342147
58873;1570773-1085193;50170622;1342819
43092;1570772-1087602;50170862;1342339
462388;1570771-63923;50170311;1343439
462388;1570771-63923;50170880;1342303
462388;1570771-63923;50170881;1342301
43194;1570768-1274421;50171137;1342193
43164;1570766-1119737;50170406;1343251
43145;1570764-1230054;50170658;1342747
43140;1570763-655235;50170242;1343577
483901;1569389-1391541;50149326;1572121
47009;1105523-1105404;50148638;1572365
47009;1105523-1105404;50148639;1572364
59206;1106066-1106067;50148623;1572378
46007;1375630-1375629;50148630;1661197
47886;1105640-1105641;50210209;1571972
47886;1105640-1105641;50149005;1572133
47886;1105640-1105641;50148573;1572422
47900;47900-655336;50210329;1606632
47940;1119732-1119733;50170711;1342641
58874;1085302-1085300;50210335;1606631
44199;1105643-1105642;50148600;1572397
58937;1119785-1119786;50148746;1572288
43175;1119802-1119803;50148810;1572227
43172;1105608-1105629;50148593;1572403
44493;999521-999403;50148756;1572279
44493;999521-999403;50210267;1606641
44493;999521-999403;50210268;1606640
43135;1105548-1105549;50148575;1572420
43103;1105883-1105885;50210314;1606636
43103;1105883-1105885;50210315;1606635
43103;1105883-1105885;50210313;1606637
43066;1103098-1103099;50210271;1571954
43066;1103098-1103099;50148684;1572339
43066;1103098-1103099;50148749;1572285
43067;1119536-1119537;50148754;1572281
43067;1119536-1119537;50210263;1571958
43207;1105773-1105774;50148832;1572203
470195;1347557-655322;50148559;1572432
470195;1347557-655322;50148653;1572351
473875;1106207-71673;50148569;1572426
473875;1106207-71673;50148054;1572875
43234;43234-70359;50148579;1572417
43234;43234-70359;50170397;1343269
43224;1105823-1105822;50210204;1606647
43224;1105823-1105822;50210351;1606629
43224;1105823-1105822;50210352;1606628
473890;1239085-1244774;50147854;1573038
43833;43833-71161;50148610;1572388
53783;1368245-1368244;50148533;1572456
53783;1368245-1368244;50210243;1571960
463354;1026891-71073;50148757;1572278
463354;1026891-71073;50148155;1572796
47916;1549390-1549389;50170616;1342831
45101;1034783-73635;50147918;1572978
58725;58725-71801;50147922;1661288
43076;1106573-1106574;50171262;1341943
483280;1370657-1361896;50149178;1572124
483899;1470335-1389616;50149331;1572117
45447;45447-71286;50170275;1343511
43087;1087003-1087004;50170042;1343977
46847;1490098-1183909;50170521;1343021
44833;44833-1806057;50147765;1573116
46387;1084944-1084945;50170632;1493427
46387;1084944-1084945;50171219;1342029
42734;1037763-71132;50148165;1572786
42370;1034639-917062;50148158;1572793
45060;841115-841116;50148436;1661219
59379;59379-73639;50148360;1572604
42579;1035031-1209700;50208191;1606687
462352;998855-71135;50148349;1572613
462352;998855-71135;50148350;1572612
45065;45065-71750;50148315;1572643
473111;1087364-1244771;50148909;1572143
473111;1087364-1244771;50210195;1606648
45430;45430-71162;50148389;1572581
42560;1034962-73647;50210135;1606659
42560;1034962-73647;50148318;1572640
44183;1347976-1347975;50147852;1573040
44183;1347976-1347975;50147850;1573041
47964;1119872-1274427;50170470;1343123
45739;1095455-1183471;50171326;1370853
45739;1095455-1183471;50170380;1370864
45739;1095455-1183471;50170915;1370854
464040;1118687-1549510;50170125;1343811
43251;1119613-1119614;50170384;1343295
43251;1119613-1119614;50170750;1342563
43251;1119613-1119614;50170749;1342565
43251;1119613-1119614;50170383;1343297
45904;45904-70586;50148740;1572294
45904;45904-70586;50148742;1572292
42779;1337892-1337893;50148230;1661232
45712;1328227-1328228;50148853;1572185
473459;1351638-1351675;50148860;1572179
473459;1351638-1351675;50148466;1572516
45049;1348067-1348066;50148863;1572176
44075;1347950-1806056;50147764;1573117
44075;1347950-1806056;50147763;1573118
44075;1347950-1806056;50147762;1573119
43674;1347818-1347817;50148197;1572756
43674;1347818-1347817;50210110;1572008
43409;1347791-1347792;50148170;1572781
43566;1347784-1347783;50148368;1572597
43566;1347784-1347783;50148030;1572891
42674;1347680-1347679;50148606;1661202
43192;1347559-1099262;50170500;1343063
43192;1347559-1099262;50170501;1343061
43192;1347559-1099262;50170506;1343051
46568;1347555-1097365;50170273;1343515
43096;1347553-1087932;50171310;1341847
44508;1346947-70657;50147842;1573048
44508;1346947-70657;50147844;1573047
44508;1346947-70657;50147872;1573020
44508;1346947-70657;50147845;1573046
473461;1309045-1309044;50148078;1572862
473456;1096872-70596;50148129;1572817
470546;1072228-73696;50148065;1606995
470546;1072228-73696;50148062;1572872
49515;917063-71045;50148427;1572544
44513;44513-70604;50148135;1572812
44532;44532-71591;50148818;1572219
44532;44532-71591;50148817;1572220
44532;44532-71591;50148210;1572744
44512;44512-71579;50210372;1629209
44923;44923-71870;50148711;1572322
42984;42984-71137;50148162;1572789
43417;43417-71322;50147739;1573138
44511;44511-71450;50147884;1573009
45205;917066-71781;50148308;1572650
44396;841085-841086;50148055;1572874
45276;45276-71026;50148035;1661258
42789;1035292-655432;50148339;1572623
42789;1035292-655432;50148341;1572621
44520;44520-71710;50148336;1606971
44520;44520-71710;50148334;1572627
44524;44524-71084;50148247;1606976
44491;44491-71253;50148107;1572838
42759;1035236-70990;50148771;1572265
44840;44840-71270;50148829;1572206
43567;43567-1108636;50148263;1572695
42545;1332151-1332150;50148217;1572737
42545;1332151-1332150;50148221;1572733
42780;1035273-72013;50210074;1661179
42780;1035273-72013;50148082;1572858
42780;1035273-72013;50148084;1572857
58728;1098467-1274414;50148042;1572885
42949;42949-72024;50148775;1572261
58716;58716-840995;50147809;1573075
44509;44509-1108675;50147912;1572983
44509;44509-1108675;50147913;1572982
42230;1026775-71293;50148403;1572565
43483;43483-71868;50148418;1572551
42380;1034776-657672;50148382;1661225
44962;44962-71285;50148270;1572691
44066;44066-70426;50210116;1661178
43411;917052-71001;50210083;1606673
47891;47891-73695;50148068;1572867
44911;1338069-1338068;50148112;1572833
42461;1332128-1332129;50148117;1572829
43737;43737-71076;50148119;1572827
43737;43737-71076;50148797;1572240
43737;43737-71076;50148120;1572826
44579;44579-73788;50148649;1572355
42390;1037764-73621;50147741;1573136
42435;1034862-71153;50148355;1572609
42381;1304850-1209693;50148384;1572585
42381;1304850-1209693;50148383;1572586
42381;1304850-1209693;50148385;1572584
51612;51612-71157;50148366;1572599
44481;44481-1244801;50148234;1572722
44481;44481-1244801;50148235;1572721
44481;44481-1244801;50148659;1572345
45229;1035221-1647358;50148047;1572881
45229;1035221-1647358;50148045;1572883
43811;43811-71558;50210114;1572004
47826;47826-70375;50148147;1572802
44435;44435-71133;50148116;1572830
43498;43498-73656;50148020;1572900
45313;45313-71108;50148033;1661260
42869;1035441-71606;50148044;1661255
44864;44864-71860;50147904;1572991
45508;45508-71423;50147859;1573033
479055;1187212-71521;50148464;1572517
44210;44210-71350;50210160;1571984
44210;44210-71350;50148456;1572521
43493;43493-71148;50148352;1606970
45193;45193-841080;50148306;1572652
44650;44650-71725;50148337;1572625
44650;44650-71725;50148338;1572624
44650;44650-71725;50210137;1606657
42182;1026733-71290;50148278;1572680
42182;1026733-71290;50148279;1572679
42410;1034822-1209694;50148329;1572632
42334;1034598-71034;50148239;1572717
45340;1034585-1105472;50208222;1606679
45340;1034585-1105472;50208223;1572021
44192;44192-71043;50148038;1661257
44227;44227-71972;50147733;1573144
44371;44371-1209701;50148019;1572901
44371;44371-1209701;50148016;1572904
44799;44799-71216;50147816;1573071
43055;43055-71808;50147893;1573000
42751;1035176-71075;50148431;1572540
42751;1035176-71075;50210155;1606654
42977;42977-71124;50148254;1572703
47021;47021-71054;50148244;1572712
43226;1106279-1106280;50170513;1343037
47136;1119888-1119889;50171318;1341831
46375;1100709-1100710;50171267;1341933
46375;1100709-1100710;50171270;1341927
43221;1119878-1119879;50170698;1342667
58793;1100421-1100423;50171302;1341863
46725;1119876-1119877;50170402;1343259
46307;1100343-1100344;50170729;1342605
46304;46304-69671;50170078;1343905
47904;1100299-1100300;50170783;1342497
45735;1109904-1100279;50170701;1342661
45735;1109904-1100279;50170703;1342657
43214;1119870-1119871;50170215;1343631
43214;1119870-1119871;50170065;1343931
43209;1099710-1099711;50171268;1341931
43209;1099710-1099711;50170325;1343411
43209;1099710-1099711;50170185;1343691
43209;1099710-1099711;50170326;1343409
43208;1099636-1099637;50171225;1342017
47960;1119864-1119865;50170931;1342201
43195;1119860-1119861;50171207;1342053
43191;1099147-1099148;50170343;1343375
43191;1099147-1099148;50171295;1341877
43190;1119847-1119848;50170236;1343589
43190;1119847-1119848;50170922;1342219
43189;1099087-1099088;50170286;1343489
461504;1119841-1119842;50170655;1342753
43202;1085830-1085831;50170765;1342533
43202;1085830-1085831;50171154;1342159
43202;1085830-1085831;50170615;1342833
48964;1098774-1098775;50170498;1343067
47171;841087-841088;50171296;1341875
47952;1085636-1085637;50171272;1341923
44787;44787-69633;50171136;1342195
44787;44787-69633;50170507;1343049
47948;1097359-1097360;50171203;1342061
47948;1097359-1097360;50170534;1342995
44514;44514-71545;50170833;1342397
47874;1096605-1096528;50170715;1342633
47874;1096605-1096528;50171196;1342075
47885;1119817-1119818;50170149;1343763
43180;1096400-1096399;50170664;1342735
47878;1106031-1106030;50170399;1606764
47878;1106031-1106030;50170400;1606763
43176;1092575-1092576;50170386;1343291
47921;1119796-1119797;50170826;1342411
44201;1106464-1106463;50170801;1342461
47530;1119783-1119784;50170362;1343337
47530;1119783-1119784;50170363;1343335
46552;1119779-1119780;50170705;1342653
45705;45705-71269;50170756;1342551
45705;45705-71269;50170834;1342395
45761;45761-60084;50171286;1341895
44161;1119742-1119743;50171187;1342093
46850;1119738-1119739;50170730;1342603
43162;1098337-1098325;50170668;1342727
47582;1098555-1098556;50170348;1343365
47909;1106631-1244797;50170713;1342637
43161;1106638-1647360;50170553;1342957
43161;1106638-1647360;50170554;1342955
43160;43160-65827;50170831;1342401
43160;43160-65827;50170787;1342489
43247;1106611-1106612;50170465;1343133
43247;1106611-1106612;50170466;1343131
46884;1106605-1106606;50170520;1343023
43156;1106627-1106626;50170532;1342999
43156;1106627-1106626;50170866;1342331
58572;58572-1180686;50170854;1342355
47669;1119628-1119629;50170212;1343637
58288;58288-73096;50170206;1343649
47881;1097896-1097897;50170321;1343419
43230;43230-1097812;50170146;1343769
47901;1119626-1119627;50170225;1343611
47901;1119626-1119627;50170541;1342981
45784;1119894-1119895;50170464;1343135
45850;1119624-1119625;50170680;1342703
43149;1096095-1096097;50170846;1342371
43136;1095420-1095421;50170193;1343675
47935;1094481-1094482;50170514;1343035
47145;1094464-1094466;50170124;1343813
47603;1094425-1094427;50170445;1343173
43134;1092880-1092881;50170454;1343155
47205;1092866-1092879;50170562;1342939
43132;1092818-1092809;50171257;1341953
45860;1092506-1092507;50170393;1343277
46832;1092213-1092214;50171306;1341855
46832;1092213-1092214;50171319;1341829
47903;1091870-1091871;50170517;1343029
43072;43072-71135;50170300;1343461
43123;1115703-1091661;50170409;1343245
47199;1119608-1119609;50170099;1343863
47906;1119595-1119596;50170032;1343997
47906;1119595-1119596;50171229;1342009
45745;1337829-1337830;50170395;1343273
45745;1337829-1337830;50170396;1343271
45745;1337829-1337830;50171278;1341911
43081;1119597-1119598;50170590;1342883
45759;45759-761419;50170884;1342295
47920;47920-65910;50170359;1343343
47898;1119572-1119573;50170188;1343685
47882;1119580-1119581;50170262;1343537
43074;1119576-1119577;50170250;1343561
43073;1119574-1119575;50170601;1342861
43073;1119574-1119575;50170602;1342859
43122;1088421-1088378;50170767;1342529
43120;1088321-1088320;50170600;1342863
473159;1119570-1119571;50170036;1343989
46736;1119568-1274416;50171258;1341951
46736;1119568-1274416;50171259;1341949
47447;1091306-1091323;50171210;1342047
47447;1091306-1091323;50170679;1342705
43114;43114-73605;50170717;1342629
46731;1091051-1091193;50171285;1341897
43113;1091050-1091169;50170209;1343643
47932;1091130-1091144;50170086;1343889
47932;1091130-1091144;50170106;1343849
47932;1091130-1091144;50170813;1342437
43111;1091057-1549511;50171165;1342137
43111;1091057-1549511;50170525;1343013
43110;1091008-1090930;50170153;1343755
47883;1119558-1119559;50170296;1343469
43108;43108-1089089;50171316;1341835
47591;47591-67016;50170419;1343225
47929;1088952-1088953;50170168;1343725
42516;1085348-1085349;50170821;1342421
43105;43105-65752;50171220;1342027
43104;43104-841013;50170858;1342347
43104;43104-841013;50170859;1342345
43104;43104-841013;50170656;1342751
411362;1086039-1086040;50170416;1343231
43100;1086042-1086041;50170135;1343791
43099;43099-59940;50170822;1342419
43098;1085748-1085749;50170369;1343325
47895;1088152-1549387;50170105;1343851
47895;1088152-1549387;50170473;1343117
47895;1088152-1549387;50171152;1342163
47895;1088152-1549387;50171153;1342161
47924;1085176-1085177;50170258;1343545
47517;1119542-1119543;50171313;1341841
46984;1087957-1087895;50171250;1341967
51238;1087675-1087680;50171176;1342115
51238;1087675-1087680;50171177;1342113
43091;1087585-1087567;50170608;1342847
46857;1087251-1087252;50170117;1343827
43090;1087184-1087194;50171331;1341805
47524;1119540-1119541;50170614;1342835
43071;1086784-1086785;50171144;1342179
46395;1085072-1085073;50170728;1342607
46395;1085072-1085073;50170647;1342769
46395;1085072-1085073;50170648;1342767
46647;1119931-1119932;50170421;1343221
47915;1086379-1086380;50170334;1343393
42311;1026966-71853;50208157;1606693
43425;43425-71940;50147954;1824282
42871;42871-71197;50148028;1572893
45222;1037789-73650;50148049;1572879
45222;1037789-73650;50148051;1572877
43245;1822265-1822267;50170071;1343919
43169;1822260-1822261;50148804;1572233
43138;43138-1113509;50147775;1573108
43138;43138-1113509;50148781;1821451
45056;45056-71403;50147865;1573027
45097;730041-1034990;50148189;1572764
45097;730041-1034990;50148188;1572765
46492;1779510-1306818;50148073;1785198
58497;58497-1346768;50148735;1572299
58578;1238298-1115729;50147833;1805355
58578;1238298-1115729;50147834;1573053
44372;44372-71435;50147935;1661283
462374;999333-1244767;50148492;1806073
44529;44529-71889;50148816;1572221
44529;44529-71889;50149617;1606927
44617;44617-71311;50148719;1572314
44617;44617-71311;50208175;1606689
44600;1348000-1347999;50147820;1573067
490767;1569400-1533753;50210359;1571914
490767;1569400-1533753;50149892;1572092
42288;1026949-1030331;50148191;1572762
42288;1026949-1030331;50148660;1572344
42280;1803838-1332071;50147782;1573101
43898;43898-71324;50148176;1572777
42980;1347715-1347716;50148199;1572754
43193;1802173-1802174;50170182;1606767
490765;1802143-1533559;50149890;1785195
43216;1801069-1099979;50170683;1342697
43069;1801026-1119704;50170442;1343179
47888;1270249-1270250;50148646;1572357
44877;1347558-655066;50170759;1342545
44877;1347558-655066;50148604;1572394
58566;1347556-1244767;50147869;1573023
45102;1782229-1782252;50148558;1572433
58759;1780866-1782109;50148551;1572439
58759;1780866-1782109;50147978;1572938
58566;1347556-1244767;50170773;1342517
58566;1347556-1244767;50170885;1342293
42447;1034876-72217;50148730;1572303
45322;45322-1209702;50148477;1572506
44525;44525-1274433;50148815;1572222
43333;43333-1347506;50148499;1572487
44881;841099-841098;50147986;1661267
44533;44533-1777839;50147959;1661272
42318;1034651-1232996;50148003;1572916
42318;1034651-1232996;50148000;1572919
43026;43026-71318;50148282;1572676
43042;43042-72203;50148523;1606944
43042;43042-72203;50148522;1606945
43042;43042-72203;50148521;1572465
42962;1327463-1327464;50147942;1572965
42962;1327463-1327464;50147944;1572963
43153;1641339-655322;50148562;1572429
44526;44526-71006;50148474;1572509
44526;44526-71006;50148473;1572510
45664;45664-71284;50147967;1661269
43548;43548-71474;50148788;1572249
44637;1348006-1348005;50148822;1572213
44012;44012-72118;50148517;1572469
44012;44012-72118;50148519;1572467
470524;1244788-1244787;50148394;1572577
44236;1323693-1323694;50147991;1572928
44236;1323693-1323694;50147994;1572925
43511;43511-71346;50148288;1572670
43511;43511-71346;50148287;1572671
45676;1035205-71298;50148453;1572524
45676;1035205-71298;50148174;1572779
43252;43252-1244786;50148504;1572482
44479;44479-71442;50147940;1824339
44528;44528-71663;50148010;1572909
58759;1780866-1782109;50147977;1661268
42345;1779648-1779681;50147773;1573110
42345;1779648-1779681;50147747;1573132
42345;1779648-1779681;50147748;1573131
480289;1220233-1098891;50148889;1766998
43231;1741188-1096173;50170461;1343141
47325;1119758-1119759;50170180;1343701
47894;1091451-1091402;50170096;1343869
58774;1119730-1119731;50234652;1702251
58774;1119730-1119731;50234653;1702253
43077;1713136-1088672;50170635;1606768
43179;1713065-1119816;50171217;1342033
43179;1713065-1119816;50170205;1343651
494016;1711029-1682220;50234349;1684343
494016;1711029-1682220;50234347;1684339
411421;1119800-1119801;50234637;1702176
411485;1106600-1106601;50234636;1702168
411485;1106600-1106601;50234634;1702164
411342;1098022-1098023;50234627;1702134
46990;1097602-1097638;50170737;1342589
47596;1684406-1244784;50170303;1343455
411405;1097639-1097640;50229046;1678128
411405;1097639-1097640;50229044;1678124
411381;1090867-1090890;50229038;1678112
411387;1106614-1106616;50229021;1676348
45346;45346-71150;50229017;1676341
415091;634531-1648223;50170638;1342787
43097;1607888-1105903;50148620;1572381
43097;1607888-1105903;50210269;1606639
44411;1096826-1096827;50211668;1607133
45873;45873-1185581;50148755;1572280
45873;45873-1185581;50148556;1572435
45873;45873-1185581;50148555;1572436
462394;1590890-1180723;50147780;1573103
490763;1569398-1533543;50149887;1572102
490907;1556864-1571855;50210370;1615508
490907;1556864-1571855;50210369;1615510
490907;1556864-1571855;50210365;1615518
44057;1556080-70645;50149931;1572072
47482;1570783-1119770;50171174;1342119
47482;1570783-1119770;50170570;1342923
43147;1570782-1095944;50170192;1343677
46965;1570781-1119727;50170443;1343177
46477;1570779-65663;50170202;1343657
58267;1570778-73098;50170075;1343911
412743;1570776-1274434;50170529;1343005
47684;1570775-1119741;50170727;1342609
47115;1570770-1119830;50171291;1341885
43194;1570768-1274421;50170543;1342977
43194;1570768-1274421;50170580;1342903
43145;1570764-1230054;50170377;1343309
43140;1570763-655235;50170216;1343629
483901;1569389-1391541;50149328;1572119
47052;1328390-1328391;50148647;1572356
47052;1328390-1328391;50210322;1571940
47052;1328390-1328391;50210323;1571938
47052;1328390-1328391;50210324;1571936
58270;58270-73042;50210219;1661174
58270;58270-73042;50148582;1572414
47886;1105640-1105641;50148572;1572423
47900;47900-655336;50148655;1572349
47900;47900-655336;50148592;1572404
47940;1119732-1119733;50148636;1661196
58874;1085302-1085300;50149007;1572132
58874;1085302-1085300;50149008;1572131
44199;1105643-1105642;50148599;1572398
58937;1119785-1119786;50148597;1572400
43175;1119802-1119803;50148809;1572228
43135;1105548-1105549;50210214;1571968
43125;1105902-1105900;50148777;1572259
43103;1105883-1105885;50148644;1572359
43103;1105883-1105885;50210317;1606633
43094;1103124-1103123;50148590;1572406
43066;1103098-1103099;50210274;1571952
43067;1119536-1119537;50210265;1571956
43067;1119536-1119537;50148617;1572383
43213;999512-1549391;50148834;1572201
43213;999512-1549391;50210336;1606630
43207;1105773-1105774;50148602;1572396
470195;1347557-655322;50148567;1572428
470195;1347557-655322;50147984;1572933
470195;1347557-655322;50147983;1572934
470195;1347557-655322;50148560;1785196
43237;1105837-1105838;50148528;1572461
43232;43232-63025;50148793;1572244
43228;43228-69622;50148634;1572368
44801;1365030-1365031;50148577;1572418
473890;1239085-1244774;50147853;1573039
473890;1239085-1244774;50147855;1573037
43833;43833-71161;50148867;1572173
53783;1368245-1368244;50148534;1572455
53783;1368245-1368244;50148532;1572457
463354;1026891-71073;50148156;1572795
463354;1026891-71073;50210101;1606668
44580;1249384-1249385;50149621;1606925
44580;1249384-1249385;50149620;1606926
44825;44825-73634;50147919;1572977
45194;45194-71795;50147923;1572974
47158;1524030-1087767;50170565;1342933
47158;1524030-1087767;50170178;1343705
43076;1106573-1106574;50170059;1343943
43076;1106573-1106574;50170650;1342763
483280;1370657-1361896;50149179;1572123
483280;1370657-1361896;50149176;1572126
483899;1470335-1389616;50149337;1572111
483899;1470335-1389616;50149336;1572112
483899;1470335-1389616;50149333;1572115
43087;1087003-1087004;50170048;1343965
43087;1087003-1087004;50170049;1343963
47944;1119794-1119795;50170583;1342897
46847;1490098-1183909;50170481;1343101
44833;44833-1806057;50147766;1573115
42370;1034639-917062;50148160;1572791
44885;44885-71184;50147841;1573049
44273;44273-71125;50148438;1661217
44995;44995-71091;50148432;1572539
44995;44995-71091;50148434;1572537
45065;45065-71750;50148840;1572195
473111;1087364-1244771;50148911;1572141
45301;45301-1244771;50170916;1342231
42589;1034979-73689;50148098;1572846
42589;1034979-73689;50210075;1606676
42589;1034979-73689;50148095;1572849
43222;1119885-917049;50171232;1342003
43116;1091361-1091362;50171221;1342025
43163;43163-70412;50170133;1343795
43212;43212-1208863;50170231;1343599
473109;1087326-1087313;50170631;1342801
473109;1087326-1087313;50170754;1342555
473109;1087326-1087313;50170755;1342553
45739;1095455-1183471;50170785;1370863
483278;1370656-1361888;50149174;1572128
47958;1347561-1119859;50170724;1342615
47958;1347561-1119859;50170725;1342613
43154;1119723-1533244;50170392;1343279
43154;1119723-1533244;50170537;1342989
44628;1098281-1274418;50170538;1342987
464040;1118687-1549510;50170126;1343809
464040;1118687-1549510;50170869;1342325
43251;1119613-1119614;50170063;1343935
58757;58757-1105495;50170214;1343633
47875;1085307-1106544;50170422;1343219
47875;1085307-1106544;50170309;1343443
45904;45904-70586;50148741;1572293
45904;45904-70586;50148738;1572296
45712;1328227-1328228;50148229;1572727
473459;1351638-1351675;50148467;1572515
45049;1348067-1348066;50148151;1572800
45170;1348050-1348049;50148455;1572522
44119;1347960-1347959;50148357;1572607
44067;1347830-1347831;50148226;1572730
43643;1347809-1347810;50148145;1661236
43600;1347795-1347796;50148462;1661210
43409;1347791-1347792;50148171;1572780
42885;1347696-1347695;50148167;1572784
42674;1347680-1347679;50148708;1572324
42674;1347680-1347679;50148607;1661201
44508;1346947-70657;50147871;1573021
470546;1072228-73696;50148061;1572873
49515;917063-71045;50148429;1572542
44513;44513-70604;50148960;1572139
44923;44923-71870;50148712;1572321
44072;44072-71703;50148331;1572630
42984;42984-71137;50148164;1572787
462941;1090149-1180723;50147778;1573105
462941;1090149-1180723;50147779;1573104
42175;1026734-1232994;50147849;1573042
44160;44160-71631;50148204;1661235
44140;44140-71595;50148205;1572749
44140;44140-71595;50148206;1572748
45205;917066-71781;50148311;1572647
45315;917056-917057;50148034;1661259
42359;1034706-71301;50148022;1661263
42265;1026843-71158;50148371;1572594
42789;1035292-655432;50148340;1572622
42789;1035292-655432;50148342;1572620
44901;44901-71961;50147927;1572970
43239;1822258-1822259;50210337;1661170
43138;43138-1113509;50147776;1573107
470548;1821228-1327660;50147945;1572962
43188;1821216-1805091;50170528;1343007
44051;44051-70488;50210089;1572018
462358;1641340-71673;50148568;1572427
490909;1800229-1497337;50210361;1595553
44529;44529-71889;50148658;1572346
44529;44529-71889;50148657;1572347
43298;43298-71840;50149004;1572134
43298;43298-71840;50148411;1572557
44593;44593-71273;50148399;1572569
44662;44662-71408;50147936;1661282
43310;43310-71326;50148300;1572658
44617;44617-71311;50148720;1572313
490769;1569401-1533572;50149894;1572088
42288;1026949-1030331;50147743;1573134
44828;1338491-1338490;50148443;1572533
44828;1338491-1338490;50148445;1572531
44997;44997-71117;50147831;1573056
44997;44997-71117;50147830;1573057
43171;1809753-1809754;50148542;1572447
58718;1119719-1304195;50171287;1341893
58718;1119719-1304195;50171179;1806121
58718;1119719-1304195;50171290;1341887
46222;1802196-73482;50170171;1343719
46222;1802196-73482;50170546;1342971
43184;1801064-1097268;50171216;1342035
43248;1801060-1106570;50170624;1342815
47969;1801055-72177;50170357;1343347
47969;1801055-72177;50171200;1342067
47969;1801055-72177;50170887;1342289
47412;1801048-1119617;50170856;1342351
43118;1801041-1091435;50170073;1343915
47790;1801030-1088031;50170695;1342673
47923;1801028-72124;50170486;1343091
473477;1097017-71545;50148514;1572472
462901;1106623-1661476;50170477;1343109
46299;1106553-1106551;50170666;1342731
48489;1106659-1106658;50170140;1343781
48489;1106659-1106658;50170469;1343125
44201;1106464-1106463;50170721;1342621
46552;1119779-1119780;50170706;1342651
47184;1095422-1095439;50170557;1342949
47184;1095422-1095439;50170558;1342947
47184;1095422-1095439;50170559;1342945
47130;1119765-1119766;50170271;1343519
47125;1095160-1095161;50170662;1342739
46897;1119734-1119735;50170319;1343423
43162;1098337-1098325;50170853;1342357
47585;1098524-1098525;50170351;1343359
47909;1106631-1244797;50171293;1341881
47909;1106631-1244797;50170407;1343249
46886;1106635-1106634;50170245;1343571
46886;1106635-1106634;50170317;1343427
43159;1115707-1244783;50170595;1342873
43247;1106611-1106612;50170459;1343145
43156;1106627-1106626;50170533;1342997
58572;58572-1180686;50170425;1821461
47914;1098230-1098231;50170895;1342273
47486;1098169-1098170;50170566;1342931
47486;1098169-1098170;50170568;1342927
45804;1098109-1098159;50170092;1343877
47669;1119628-1119629;50170451;1343161
58288;58288-73096;50170156;1343749
47901;1119626-1119627;50170542;1342979
43235;1096761-1096760;50170584;1342895
45784;1119894-1119895;50170053;1343955
45850;1119624-1119625;50170426;1343211
43149;1096095-1096097;50170356;1343349
43149;1096095-1096097;50171134;1342199
427872;1096012-1096013;50170803;1342457
43143;1095761-1095762;50170587;1342889
43143;1095761-1095762;50170345;1343371
43143;1095761-1095762;50171241;1341985
43142;1095697-1095713;50170172;1343717
46470;46470-1095513;50171142;1342183
43137;1095509-1095508;50170121;1343819
43136;1095420-1095421;50170199;1343663
43136;1095420-1095421;50170836;1342391
43084;43084-1095085;50170143;1343775
43083;1094862-1094874;50170083;1343895
43082;1270247-1270248;50170347;1343367
47935;1094481-1094482;50170515;1343033
43133;1092857-1092861;50170778;1342507
43132;1092818-1092809;50170434;1343195
43132;1092818-1092809;50171305;1341857
43131;1092772-1092782;50170127;1343807
43131;1092772-1092782;50170128;1343805
45860;1092506-1092507;50170148;1343765
47903;1091870-1091871;50171163;1342141
43072;43072-71135;50170299;1343463
43044;1091839-1091847;50170654;1342755
47580;1274430-1274431;50170349;1343363
47884;1091697-1091698;50170189;1343683
47884;1091697-1091698;50171228;1342011
43123;1115703-1091661;50170760;1342543
43123;1115703-1091661;50170761;1342541
43123;1115703-1091661;50170480;1343103
43123;1115703-1091661;50170408;1343247
47911;1119604-1119605;50170840;1342383
47911;1119604-1119605;50170551;1342961
47906;1119595-1119596;50170277;1343507
47906;1119595-1119596;50170290;1343481
45745;1337829-1337830;50170175;1343711
43081;1119597-1119598;50170589;1342885
45759;45759-761419;50170883;1342297
47322;1088609-1647361;50171212;1342043
47882;1119580-1119581;50170519;1343025
43075;1086445-1086076;50171169;1342129
43075;1086445-1086076;50170373;1343317
43074;1119576-1119577;50170745;1342573
415484;1085709-1085715;50170111;1343839
415484;1085709-1085715;50170112;1343837
47095;1119890-1244775;50170458;1343147
43121;1085587-1106547;50170160;1343741
473159;1119570-1119571;50170848;1342367
43117;1091052-1091401;50170670;1342723
47447;1091306-1091323;50171209;1342049
47447;1091306-1091323;50170659;1342745
43114;43114-73605;50170784;1342495
43114;43114-73605;50170716;1342631
43110;1091008-1090930;50170154;1343753
43110;1091008-1090930;50170152;1343757
58879;1119560-1119561;50170718;1342627
47883;1119558-1119559;50170751;1342561
47930;1088844-1088961;50170653;1342757
47591;47591-67016;50170420;1343223
47928;1119550-1274415;50171247;1341973
47928;1119550-1274415;50170610;1342843
43106;1088898-1088837;50170645;1342773
47927;1243160-1244781;50170576;1342911
43105;43105-65752;50170491;1343081
44559;44559-660485;50170232;1343597
43100;1086042-1086041;50170137;1343787
47124;1119552-1119553;50170577;1342909
45453;45453-1108637;50171135;1342197
47517;1119542-1119543;50170613;1342837
47524;1119540-1119541;50170906;1342251
47918;1085497-1085499;50170044;1343973
43071;1086784-1086785;50170788;1342487
43068;1085371-1208866;50170423;1343217
46801;1087788-1087802;50170820;1342423
45763;1087774-1087787;50170879;1342305
51238;1087675-1087680;50170905;1342253
43090;1087184-1087194;50171333;1341801
45437;45437-1108690;50170861;1342341
45419;1119612-634539;50171273;1341921
47917;1085135-1085141;50170052;1343957
44491;44491-71253;50148108;1572837
44521;44521-71989;50147731;1573146
44521;44521-71989;50147759;1573122
44113;44113-71510;50148465;1661209
42759;1035236-70990;50148424;1572547
44840;44840-71270;50148447;1572530
44139;44139-73658;50148387;1661224
42545;1332151-1332150;50148763;1572273
45234;1035238-71576;50148878;1572164
45234;1035238-71576;50210194;1606649
44857;44857-73690;50148289;1572669
45598;1035183-1578156;50148081;1572859
45598;1035183-1578156;50148080;1572860
58728;1098467-1274414;50210193;1606650
58728;1098467-1274414;50148883;1572159
58728;1098467-1274414;50148043;1572884
42949;42949-72024;50147753;1573128
42949;42949-72024;50147752;1573129
47890;1068244-71817;50147903;1661291
47890;1068244-71817;50147902;1661292
42380;1034776-657672;50148381;1661226
42369;1034610-71906;50148058;1661251
43411;917052-71001;50148831;1572204
47891;47891-73695;50148067;1572868
44911;1338069-1338068;50148111;1572834
43737;43737-71076;50148121;1572825
44579;44579-73788;50148700;1572332
44579;44579-73788;50210187;1571974
45314;917064-917065;50147857;1573035
44582;44582-1209703;50148821;1572214
42419;1034768-71167;50148031;1607008
42585;1035021-71469;50147788;1573096
42585;1035021-71469;50148880;1572162
417675;828124-1108674;50148873;1572167
417675;828124-1108674;50147806;1573078
462351;1239088-1244774;50147853;1573039
44050;44050-655299;50148423;1661221
44050;44050-655299;50148422;1661222
42435;1034862-71153;50148354;1572610
44138;44138-657690;50148258;1572700
44052;44052-71785;50148347;1572615
44052;44052-71785;50148343;1572619
44052;44052-71785;50148346;1572616
45229;1035221-1647358;50148046;1572882
44334;44334-71639;50148052;1661254
44515;44515-1183711;50147770;1573112
44210;44210-71350;50148806;1572231
43493;43493-71148;50148353;1606969
42182;1026733-71290;50148277;1572681
42334;1034598-71034;50148238;1572718
45340;1034585-1105472;50148025;1572896
43364;43364-72004;50147754;1573127
43055;43055-71808;50147895;1572998
473676;1244800-1244799;50147881;1573012
44609;44609-73640;50148441;1572535
462371;1095305-71150;50148375;1572591
43226;1106279-1106280;50171281;1341905
47967;47967-61850;50170796;1342471
46375;1100709-1100710;50170278;1343505
46375;1100709-1100710;50171140;1342187
46375;1100709-1100710;50171240;1341987
43225;1110009-1106569;50170510;1343043
43223;1119886-1119887;50171279;1341909
43223;1119886-1119887;50170544;1342975
47966;1109975-1106576;50170629;1342805
46307;1100343-1100344;50170266;1343529
45735;1109904-1100279;50170702;1342659
43218;43218-61450;50170552;1342959
47187;1100033-1549499;50170807;1342449
43217;1099996-1099997;50170223;1343615
43215;1274425-1274426;50170891;1342281
47588;47588-1099896;50170350;1343361
43211;1119868-1119869;50170685;1342693
43211;1119868-1119869;50170684;1342695
47922;1099760-1099761;50170814;1342435
47962;1099758-1099759;50170252;1343557
47962;1099758-1099759;50170098;1343865
43209;1099710-1099711;50171239;1341989
46902;1119866-1119867;50170322;1343417
43206;1099552-1099553;50170353;1343355
47959;1119862-1119863;50171323;1341821
47959;1119862-1119863;50170516;1343031
47118;1119853-1119854;50170164;1343733
47118;1119853-1119854;50170163;1343735
47118;1119853-1119854;50170844;1342375
43195;1119860-1119861;50171223;1342021
47951;1099291-1099292;50170818;1342427
47950;1085620-1085621;50170080;1343901
43190;1119847-1119848;50170237;1343587
43189;1099087-1099088;50170748;1342567
43189;1099087-1099088;50171184;1342099
43189;1099087-1099088;50170360;1343341
43150;1119837-1119838;50170735;1342593
45814;45814-62172;50170157;1343747
47952;1085636-1085637;50170917;1342229
42356;1119929-1119930;50171242;1341983
427870;1097346-1097298;50170842;1342379
427870;1097346-1097298;50170708;1342647
427870;1097346-1097298;50170709;1342645
47181;1097248-1097249;50170196;1343669
47946;1119825-1119826;50170366;1343331
43183;43183-63886;50170139;1343783
44525;44525-1274433;50148501;1572485
473477;1097017-71545;50148515;1785197
463329;1026928-1806055;50148723;1572310
42311;1026966-71853;50148412;1572556
42311;1026966-71853;50208155;1661182
42311;1026966-71853;50208156;1606694
43425;43425-71940;50148876;1572166
43425;43425-71940;50148785;1572251
44069;1822092-1822093;50148470;1661208
490771;1569402-1533577;50149897;1661186
45267;1034998-73651;50148767;1572269
44901;44901-71961;50148086;1572855
43245;1822265-1822267;50170069;1343923
43169;1822260-1822261;50148803;1572234
43138;43138-1113509;50147777;1573106
470548;1821228-1327660;50148845;1572191
470548;1821228-1327660;50148548;1572441
43188;1821216-1805091;50170625;1342813
42588;1782289-1782308;50148468;1572514
44051;44051-70488;50148142;1572806
45100;1034564-71320;50148179;1572774
45100;1034564-71320;50148181;1572772
45165;45165-71363;50148092;1572851
45165;45165-71363;50148091;1572852
58578;1238298-1115729;50147832;1573055
462374;999333-1244767;50147867;1806065
462374;999333-1244767;50148706;1572326
44310;44310-71787;50211183;1711743
44310;44310-71787;50147891;1573002
462358;1641340-71673;50148328;1572633
45100;1034564-71320;50148183;1572770
45208;1348038-1348039;50148186;1572767
45208;1348038-1348039;50148187;1572766
46492;1779510-1306818;50148072;1785199
58578;1238298-1115729;50147839;1573051
462374;999333-1244767;50147868;1573024
462358;1641340-71673;50148569;1572426
490909;1800229-1497337;50149982;1595556
490909;1800229-1497337;50210364;1606624
43298;43298-71840;50148409;1572559
44593;44593-71273;50148397;1572573
44593;44593-71273;50148396;1572575
44642;1348015-1348016;50148296;1572662
470549;1801046-1327660;50148546;1572443
470549;1801046-1327660;50148845;1572191
470549;1801046-1327660;50148547;1572442
470549;1801046-1327660;50148846;1572190
44617;44617-71311;50148405;1572563
44617;44617-71311;50208174;1606690
44617;44617-71311;50148716;1572317
42237;42237-1113542;50148104;1572841
42288;1026949-1030331;50148190;1572763
42288;1026949-1030331;50148661;1572343
42280;1803838-1332071;50147785;1573099
42337;1034623-71420;50147932;1661286
42587;1641337-71264;50148558;1572433
42587;1641337-71264;50147794;1573090
42587;1641337-71264;50147795;1573089
42587;1641337-71264;50147791;1573093
42772;1035262-71834;50147952;1661277
44055;44055-71909;50210145;1571994
43171;1809753-1809754;50148541;1572448
46222;1802196-73482;50170545;1342973
43193;1802173-1802174;50170054;1606766
490765;1802143-1533559;50149891;1785194
44602;1801070-64021;50171181;1342105
43216;1801069-1099979;50171321;1341825
43205;1801068-70829;50171299;1341869
43196;1801065-1097579;50170781;1342501
43184;1801064-1097268;50171215;1342037
43170;1801062-70956;50170235;1343591
43170;1801062-70956;50148544;1572445
43170;1801062-70956;50170233;1343595
47969;1801055-72177;50170627;1342809
47880;1801045-1095560;50170067;1343927
43118;1801041-1091435;50171292;1341883
43112;1801037-1119563;50170665;1342733
47923;1801028-72124;50170221;1343619
47923;1801028-72124;50170222;1343617
58566;1347556-1244767;50148490;1572494
474082;1328422-1328423;50148596;1572401
474082;1328422-1328423;50210332;1571930
474082;1328422-1328423;50148869;1572171
46366;1095249-1095250;50170731;1342601
46366;1095249-1095250;50170732;1342599
58566;1347556-1244767;50243328;1794712
43407;43407-1806054;50170450;1343163
43407;43407-1806054;50148172;1606981
42447;1034876-72217;50148762;1661193
42447;1034876-72217;50148731;1572302
44525;44525-1274433;50148502;1572484
43333;43333-1347506;50148498;1572488
42531;1332134-1332133;50147971;1572945
44533;44533-1777839;50147958;1661273
413433;1347842-1347841;50148472;1572511
42318;1034651-1232996;50148002;1572917
45487;1034792-1347472;50148512;1572474
473477;1097017-71545;50148897;1572145
463329;1026928-1806055;50148704;1572328
43046;43046-73675;50148483;1572500
43026;43026-71318;50147973;1572943
43026;43026-71318;50208143;1606697
43026;43026-71318;50148281;1572677
42962;1327463-1327464;50148776;1572260
43153;1641339-655322;50148567;1572428
43153;1641339-655322;50147984;1572933
43153;1641339-655322;50147982;1572935
43548;43548-71474;50148496;1572490
44637;1348006-1348005;50148203;1572750
44637;1348006-1348005;50148202;1572751
44645;1347826-1347827;50147987;1661266
470524;1244788-1244787;50148893;1572149
470524;1244788-1244787;50148392;1572579
44236;1323693-1323694;50147992;1572927
43511;43511-71346;50148285;1572673
43252;43252-1244786;50148503;1572483
43252;43252-1244786;50148505;1572481
43252;43252-1244786;50210176;1571978
42582;1035065-1244772;50147996;1572923
42582;1035065-1244772;50147997;1572922
44479;44479-71442;50211181;1824326
58759;1780866-1782109;50147976;1572940
58759;1780866-1782109;50148764;1572272
58759;1780866-1782109;50148549;1661205
42345;1779648-1779681;50147745;1573133
42345;1779648-1779681;50208204;1606683
42345;1779648-1779681;50147746;1607045
480289;1220233-1098891;50148885;1572157
480289;1220233-1098891;50148650;1572354
480289;1220233-1098891;50148891;1572151
490834;1754073-1754054;50149942;1572050
47894;1091451-1091402;50170097;1343867
58774;1119730-1119731;50170068;1672750
58774;1119730-1119731;50148637;1711749
43078;1713127-1119579;50171307;1341853
494018;1711032-1682222;50234348;1684341
494018;1711032-1682222;50234346;1684337
411418;1710779-1710778;50234644;1702205
462357;1615084-1119934;50234649;1702227
462357;1615084-1119934;50234650;1702233
411421;1119800-1119801;50234638;1702178
411421;1119800-1119801;50234640;1702185
411485;1106600-1106601;50234635;1702166
46990;1097602-1097638;50170738;1342587
47596;1684406-1244784;50170339;1343383
411495;1119728-1119729;50229052;1678140
411384;1119781-1119782;50229049;1678134
411329;1098743-1098744;50229043;1678122
59038;1119874-1119875;50229040;1678116
411381;1090867-1090890;50229036;1678108
411396;1091409-1091465;50229026;1676365
411492;1088439-1088440;50229022;1676352
45346;45346-71150;50229018;1676342
58471;1309074-1309075;50148148;1606983
42164;1497338-1497337;50148685;1606935
43088;1615080-1615081;50171201;1342065
43088;1615080-1615081;50170704;1342655
43097;1607888-1105903;50148621;1572380
47599;1119835-1119836;50170336;1343389
462394;1590890-1180723;50170864;1821456
462394;1590890-1180723;50147779;1573104
490838;1555987-1548213;50149935;1572064
490838;1555987-1548213;50149936;1572062
490907;1556864-1571855;50210367;1615514
490907;1556864-1571855;50210368;1615512
44057;1556080-70645;50148128;1629213
44057;1556080-70645;50210354;1595554
43178;1570784-1119814;50170361;1343339
47482;1570783-1119770;50170572;1342919
43157;1570780-1086153;50170674;1342715
412743;1570776-1274434;50170531;1343001
412743;1570776-1274434;50170530;1343003
47684;1570775-1119741;50170726;1342611
45824;1570774-1096324;50170259;1343543
45824;1570774-1096324;50170802;1342459
58873;1570773-1085193;50170640;1342783
58873;1570773-1085193;50170623;1342817
43080;1570769-1244780;50170341;1343379
43194;1570768-1274421;50171138;1342191
43145;1570764-1230054;50170181;1343699
47052;1328390-1328391;50148772;1572264
47046;47046-62825;50148789;1572248
47900;47900-655336;50148835;1572200
47940;1119732-1119733;50148635;1572367
58875;1105646-1105645;50148535;1572454
58875;1105646-1105645;50148539;1572450
58792;1119855-1119856;50148830;1572205
43172;1105608-1105629;50210330;1571934
44493;999521-999403;50210266;1661172
43146;1119620-1119621;50148586;1572410
43135;1105548-1105549;50148576;1572419
43135;1105548-1105549;50210211;1571970
43066;1103098-1103099;50148631;1572371
43213;999512-1549391;50148833;1572202
43213;999512-1549391;50148707;1572325
470195;1347557-655322;50147981;1572936
470195;1347557-655322;50147982;1572935
470195;1347557-655322;50148562;1572429
473875;1106207-71673;50148053;1572876
44500;44500-1804160;50211321;1711737
43237;1105837-1105838;50148529;1572460
43232;43232-63025;50148794;1572243
43232;43232-63025;50149616;1572108
43224;1105823-1105822;50148839;1572196
43224;1105823-1105822;50148838;1572197
43186;43186-897147;50148627;1572374
43607;43607-70427;50148615;1572385
43833;43833-71161;50148608;1572390
53783;1368245-1368244;50170733;1342597
44453;1556867-69884;50211184;1711741
44587;44587-71313;50147916;1661290
483280;1370657-1361896;50149177;1572125
483899;1470335-1389616;50149335;1572113
45559;45559-73849;50147930;1607029
45447;45447-71286;50170274;1343513
43126;1119602-1119603;50170592;1342879
43126;1119602-1119603;50199485;1494290
43087;1087003-1087004;50199475;1494225
47944;1119794-1119795;50199474;1494221
46387;1084944-1084945;50171166;1342135
42370;1034639-917062;50148159;1572792
42370;1034639-917062;50148759;1572276
42370;1034639-917062;50148161;1572790
45363;841067-841068;50148157;1572794
44995;44995-71091;50148433;1572538
59379;59379-73639;50148359;1572605
44487;1101343-1101344;50148110;1572835
462352;998855-71135;50148348;1572614
45065;45065-71750;50148314;1572644
45065;45065-71750;50148313;1572645
45301;45301-1244771;50148909;1572143
42560;1034962-73647;50148320;1572639
42589;1034979-73689;50148099;1572845
42589;1034979-73689;50210076;1606675
44183;1347976-1347975;50208197;1572024
462376;999021-1331967;50148811;1572226
462376;999021-1331967;50147858;1661295
43222;1119885-917049;50170689;1342685
43116;1091361-1091362;50170741;1342581
43116;1091361-1091362;50170742;1342579
47964;1119872-1274427;50170158;1343745
473109;1087326-1087313;50170630;1342803
473109;1087326-1087313;50170753;1342557
45739;1095455-1183471;50173318;1370861
45067;1109914-1209691;50170874;1342315
45067;1109914-1209691;50170875;1342313
43154;1119723-1533244;50170722;1342619
44628;1098281-1274418;50170540;1342983
44628;1098281-1274418;50170539;1342985
47968;47968-66650;50170902;1342259
464040;1118687-1549510;50170868;1342327
43251;1119613-1119614;50170170;1343721
45904;45904-70586;50208202;1572022
44641;1348011-1348010;50147740;1573137
43674;1347818-1347817;50148196;1572757
43674;1347818-1347817;50210111;1572006
43643;1347809-1347810;50148144;1661237
43566;1347784-1347783;50148369;1572596
43566;1347784-1347783;50148790;1572247
42674;1347680-1347679;50148769;1572267
43238;1347565-1115729;50171168;1342131
43192;1347559-1099262;50170504;1343055
46568;1347555-1097365;50170272;1343517
46568;1347555-1097365;50171327;1341813
46568;1347555-1097365;50170548;1342967
473461;1309045-1309044;50148075;1572865
473456;1096872-70596;50148131;1572815
473456;1096872-70596;50148133;1572814
470546;1072228-73696;50148064;1572870
49515;917063-71045;50148425;1572546
44513;44513-70604;50148959;1572140
44532;44532-71591;50148208;1572746
44512;44512-71579;50210371;1629211
44507;661051-658565;50148137;1572811
44507;661051-658565;50148136;1661238
44510;44510-71799;50147899;1572994
44510;44510-71799;50147901;1572992
480287;1218655-1178429;50148654;1572350
44923;44923-71870;50148710;1572323
44072;44072-71703;50148330;1572631
42175;1026734-1232994;50147846;1573045
42175;1026734-1232994;50148747;1572287
42175;1026734-1232994;50147847;1573044
45617;1270571-1270572;50148056;1661253
43417;43417-71322;50147738;1573139
45704;1026701-1209692;50148449;1572528
44140;44140-71595;50148802;1572235
44396;841085-841086;50148855;1572183
44343;828195-828196;50148139;1572809
42265;1026843-71158;50148370;1572595
44524;44524-71084;50148248;1572709
44524;44524-71084;50148253;1572704
44867;44867-71366;50148458;1572519
44504;44504-655391;50148378;1606966
44504;44504-655391;50148380;1572587
42545;1332151-1332150;50148220;1572734
42545;1332151-1332150;50148219;1572735
44857;44857-73690;50148290;1572668
42780;1035273-72013;50148083;1661245
58728;1098467-1274414;50210192;1661175
42949;42949-72024;50148774;1572262
58716;58716-840995;50147807;1573077
42195;1026746-71519;50208183;1606688
51613;51613-73667;50148798;1572239
51613;51613-73667;50147883;1573010
42230;1026775-71293;50148404;1572564
43483;43483-71868;50148419;1572550
42947;42947-71166;50148377;1572589
42947;42947-71166;50148376;1572590
44962;44962-71285;50148268;1572693
44962;44962-71285;50148273;1572685
44962;44962-71285;50148272;1572686
43411;917052-71001;50210084;1606672
43411;917052-71001;50210085;1606671
43737;43737-71076;50148122;1572824
44643;44643-71977;50148085;1572856
44579;44579-73788;50148820;1572215
44582;44582-1209703;50148040;1572887
417675;828124-1108674;50147804;1573080
45020;45020-71315;50147910;1572985
44146;741535-741536;50147937;1661281
42543;1034912-71141;50148388;1661223
44138;44138-657690;50148257;1572701
44052;44052-71785;50210138;1571998
43811;43811-71558;50148216;1572738
42414;1034849-71351;50148093;1661241
43656;43656-1183771;50148094;1661240
47826;47826-70375;50148146;1572803
47826;47826-70375;50148836;1572199
47826;47826-70375;50148837;1572198
43498;43498-73656;50148021;1572899
59370;59370-71416;50147862;1573030
59370;59370-71416;50147861;1573031
42557;1034934-71156;50148373;1661227
44461;44461-71292;50148266;1661230
44461;44461-71292;50148265;1661231
45193;45193-841080;50148305;1572653
479056;1187225-71557;50148998;1572136
42410;1034822-1209694;50148725;1572308
43423;43423-73657;50148260;1572698
42334;1034598-71034;50210123;1606664
43823;43823-71407;50148089;1661243
45340;1034585-1105472;50148026;1572895
44371;44371-1209701;50148017;1572903
43364;43364-72004;50147755;1573126
45581;45581-71957;50147735;1573142
45120;45120-71202;50147800;1573084
45120;45120-71202;50147801;1573083
58717;58717-71227;50210158;1661176
462371;1095305-71150;50148786;1572250
42977;42977-71124;50148256;1572702
47021;47021-71054;50148240;1572716
43226;1106279-1106280;50170512;1343039
43226;1106279-1106280;50171244;1341979
47136;1119888-1119889;50170084;1343893
46375;1100709-1100710;50170505;1343053
43225;1110009-1106569;50170509;1343045
43221;1119878-1119879;50170696;1342671
43221;1119878-1119879;50170697;1342669
46725;1119876-1119877;50170403;1343257
46304;46304-69671;50170077;1343907
47522;47522-67072;50170832;1342399
47963;47963-66520;50170892;1342279
47963;47963-66520;50170354;1343353
43215;1274425-1274426;50170890;1342283
43215;1274425-1274426;50170889;1342285
43214;1119870-1119871;50170488;1343087
43214;1119870-1119871;50170066;1343929
46926;1099752-1099751;50170327;1343407
43208;1099636-1099637;50170872;1342319
46902;1119866-1119867;50170794;1342475
47118;1119853-1119854;50170843;1342377
47665;1119849-1119850;50170663;1342737
43191;1099147-1099148;50170661;1342741
47949;1119845-1119846;50171294;1341879
43189;1099087-1099088;50171183;1342101
43150;1119837-1119838;50170340;1343381
43202;1085830-1085831;50170060;1343941
47953;1098809-1098765;50170795;1342473
47952;1085636-1085637;50170918;1342227
47877;1097475-1097476;50171249;1341969
58498;58498-73798;50170378;1343307
47181;1097248-1097249;50170478;1343107
47181;1097248-1097249;50170198;1343665
45812;1119823-1119824;50170208;1343645
47595;47595-66952;50171243;1341981
47885;1119817-1119818;50170799;1342465
57674;57674-63594;50171192;1342083
51494;1106620-1106622;50170770;1342523
51494;1106620-1106622;50170769;1342525
47921;1119796-1119797;50171161;1342145
48489;1106659-1106658;50170142;1343777
45761;45761-60084;50170463;1343137
45761;45761-60084;50170839;1342385
43168;1119763-1119764;50171205;1342057
47125;1095160-1095161;50170752;1342559
47910;1085996-1244776;50170740;1342583
43165;1098498-1098499;50170328;1343405
46897;1119734-1119735;50170109;1343843
46886;1106635-1106634;50170318;1343425
46884;1106605-1106606;50170472;1343119
46884;1106605-1106606;50170471;1343121
43156;1106627-1106626;50170382;1343299
47914;1098230-1098231;50170894;1342275
47589;1119630-1119631;50170352;1343357
43151;1098120-1098121;50170243;1343575
58288;58288-73096;50170217;1343627
46298;46298-69662;50170388;1343287
47881;1097896-1097897;50170210;1343641
43236;1097649-1097648;50170230;1343601
427872;1096012-1096013;50170829;1342405
46470;46470-1095513;50170375;1343313
43137;1095509-1095508;50170108;1343845
43136;1095420-1095421;50170344;1343373
46975;1274428-1274429;50170315;1343431
47484;1094973-1094984;50171303;1341861
43083;1094862-1094874;50170201;1343659
43082;1270247-1270248;50170524;1343015
47145;1094464-1094466;50170183;1343695
47603;1094425-1094427;50170923;1342217
47205;1092866-1092879;50170561;1342941
43133;1092857-1092861;50170777;1342509
43132;1092818-1092809;50170385;1343293
45860;1092506-1092507;50170857;1342349
43129;1162902-1092071;50170644;1342775
47903;1091870-1091871;50170518;1343027
47884;1091697-1091698;50170190;1343681
47199;1119608-1119609;50170100;1343861
45745;1337829-1337830;50171155;1342157
45745;1337829-1337830;50171277;1341913
45745;1337829-1337830;50171156;1342155
47322;1088609-1647361;50170691;1342681
47898;1119572-1119573;50170908;1342247
47898;1119572-1119573;50170447;1343169
43079;1119582-1119583;50170335;1343391
43079;1119582-1119583;50170901;1342261
47882;1119580-1119581;50170582;1342899
43075;1086445-1086076;50170372;1343319
43074;1119576-1119577;50170120;1343821
415484;1085709-1085715;50170056;1343949
43122;1088421-1088378;50170268;1343525
43122;1088421-1088378;50170435;1343193
43121;1085587-1106547;50170289;1343483
43120;1088321-1088320;50170599;1342865
473159;1119570-1119571;50171150;1342167
46736;1119568-1274416;50171260;1341947
47491;1091502-1091532;50170412;1343239
43117;1091052-1091401;50170669;1342725
43115;1086377-1086376;50171206;1342055
47447;1091306-1091323;50171328;1341811
43114;43114-73605;50170467;1343129
43114;43114-73605;50170468;1343127
46731;1091051-1091193;50171284;1341899
45771;1119564-1119565;50170116;1343829
43113;1091050-1091169;50171282;1341903
43113;1091050-1091169;50171283;1341901
43111;1091057-1549511;50171164;1342139
43110;1091008-1090930;50170155;1343751
43110;1091008-1090930;50170387;1343289
43110;1091008-1090930;50170151;1343759
46035;46035-69682;50170203;1343655
46035;46035-69682;50170204;1343653
46035;46035-69682;50170492;1343079
58879;1119560-1119561;50170176;1343709
47883;1119558-1119559;50170897;1342269
47883;1119558-1119559;50170297;1343467
43108;43108-1089089;50170768;1342527
47928;1119550-1274415;50170484;1343095
47928;1119550-1274415;50170440;1343183
47590;1088858-1088856;50171246;1341975
47927;1243160-1244781;50170912;1342239
42516;1085348-1085349;50170830;1342403
42516;1085348-1085349;50170876;1342311
42516;1085348-1085349;50170810;1342443
42516;1085348-1085349;50170812;1342439
43105;43105-65752;50171222;1342023
43104;43104-841013;50171180;1342107
43099;43099-59940;50170819;1342425
47925;1119544-1119545;50171253;1341961
47925;1119544-1119545;50170612;1342839
47924;1085176-1085177;50170256;1343549
47924;1085176-1085177;50170218;1343625
47905;47905-59830;50170292;1343477
45453;45453-1108637;50170903;1342257
47654;1087754-1087693;50170924;1342215
47654;1087754-1087693;50170119;1343823
46857;1087251-1087252;50170118;1343825
47119;1086892-1086949;50170047;1343967
45437;45437-1108690;50170045;1343971
43071;1086784-1086785;50170686;1342691
43071;1086784-1086785;50170687;1342689
43070;1119538-1119539;50170907;1342249
43070;1119538-1119539;50170579;1342905
43068;1085371-1208866;50170430;1343203
42311;1026966-71853;50148415;1572554
42311;1026966-71853;50148417;1572552
44829;1306603-1306604;50148032;1607007
42871;42871-71197;50148029;1572892
45417;45417-71237;50148024;1661261
42778;1328246-1328247;50148233;1572723
44901;44901-71961;50208160;1606692
43245;1822265-1822267;50170072;1343917
43245;1822265-1822267;50170282;1343497
43169;1822260-1822261;50148805;1572232
43086;1822214-1822215;50210308;1571948
43086;1822214-1822215;50148643;1572360
43086;1822214-1822215;50210311;1571942
43086;1822214-1822215;50148808;1572229
43138;43138-1113509;50245429;1821366
43138;43138-1113509;50147774;1821363
43138;43138-1113509;50148780;1572256
43138;43138-1113509;50147803;1821372
470548;1821228-1327660;50148843;1572193
44051;44051-70488;50148141;1572807
44051;44051-70488;50148143;1572805
477682;1780827-1782109;50147978;1572938
477682;1780827-1782109;50208146;1572032
45100;1034564-71320;50148180;1572773
45100;1034564-71320;50210107;1606666
45100;1034564-71320;50148758;1572277
45056;45056-71403;50147864;1573028
46492;1779510-1306818;50208227;1785192
58497;58497-1346768;50148737;1572297
58497;58497-1346768;50148736;1572298
58578;1238298-1115729;50147840;1573050
58578;1238298-1115729;50147836;1573052
58727;58727-1337990;50148185;1572768
44372;44372-71435;50147933;1661285
44345;44345-658586;50148460;1661212
462369;1641338-655066;50147811;1573073
44332;44332-71751;50147950;1572959
462374;999333-1244767;50148490;1572494
462358;1641340-71673;50148054;1572875
490909;1800229-1497337;50210360;1571912
43298;43298-71840;50149003;1572135
44642;1348015-1348016;50148861;1572178
44642;1348015-1348016;50148297;1572661
44642;1348015-1348016;50210104;1606667
44642;1348015-1348016;50148291;1572667
43310;43310-71326;50210105;1572016
43310;43310-71326;50148302;1572656
43310;43310-71326;50148301;1572657
470549;1801046-1327660;50148548;1572441
44617;44617-71311;50148722;1572311
44617;44617-71311;50148721;1572312
44617;44617-71311;50148407;1572561
44600;1348000-1347999;50147818;1573069
490836;1753888-1753825;50149937;1824334
490836;1753888-1753825;50149938;1824333
42237;42237-1113542;50148105;1572840
42237;42237-1113542;50148103;1572842
42280;1803838-1332071;50147786;1573098
44828;1338491-1338490;50148444;1572532
44970;1347711-1347710;50147814;1661296
42587;1641337-71264;50148652;1661194
42587;1641337-71264;50147793;1573091
42587;1641337-71264;50147796;1573088
42874;42874-841015;50148363;1572602
42980;1347715-1347716;50148198;1572755
43171;1809753-1809754;50148540;1572449
490765;1802143-1533559;50149889;1661189
490765;1802143-1533559;50149888;1572100
44602;1801070-64021;50171182;1342103
43205;1801068-70829;50170184;1343693
47767;1801067-1209690;50170736;1342591
43184;1801064-1097268;50170453;1343157
43170;1801062-70956;50170234;1343593
47937;1801056-1097915;50171263;1341941
422065;1801054-999517;50171195;1342077
47412;1801048-1119617;50170855;1342353
43118;1801041-1091435;50170040;1343981
43118;1801041-1091435;50170626;1342811
43241;1801032-69503;50170775;1342513
43069;1801026-1119704;50170432;1343199
43069;1801026-1119704;50170849;1342365
43069;1801026-1119704;50170789;1342485
47888;1270249-1270250;50148782;1572254
58566;1347556-1244767;50147870;1573022
58759;1780866-1782109;50210230;1571962
474082;1328422-1328423;50148744;1572290
42447;1034876-72217;50148732;1572301
44860;854781-1244804;50148862;1572177
45322;45322-1209702;50148480;1572503
43693;43693-72240;50148726;1572307
44533;44533-1777839;50147960;1661271
473477;1097017-71545;50148894;1572148
43046;43046-73675;50148486;1572497
43046;43046-73675;50148485;1572498
43046;43046-73675;50148484;1572499
43026;43026-71318;50208144;1606696
43042;43042-72203;50148524;1606943
43042;43042-72203;50148525;1572464
43283;43283-71328;50147975;1572941
43283;43283-71328;50208145;1572034
44316;44316-657728;50148481;1572502
43969;43969-72168;50149542;1572110
43969;43969-72168;50148506;1572480
43969;43969-72168;50148508;1572478
43969;43969-72168;50148507;1572479
43785;43785-835928;50147962;1572952
43785;43785-835928;50208149;1572028
43153;1641339-655322;50147985;1572932
43153;1641339-655322;50147983;1572934
43814;43814-71382;50148495;1661206
44637;1348006-1348005;50148201;1572752
42213;1026763-71348;50147956;1661275
42213;1026763-71348;50147955;1572957
44012;44012-72118;50148520;1572466
44012;44012-72118;50210169;1571982
44012;44012-72118;50148518;1572468
470524;1244788-1244787;50148847;1572189
44236;1323693-1323694;50147990;1572929
44236;1323693-1323694;50147989;1572930
44236;1323693-1323694;50147988;1572931
43511;43511-71346;50148286;1572672
45676;1035205-71298;50208142;1606698
45676;1035205-71298;50147969;1572947
45676;1035205-71298;50147968;1572948
44479;44479-71442;50147965;1824337
44528;44528-71663;50148011;1572908
58759;1780866-1782109;50148553;1572437
58759;1780866-1782109;50148550;1572440
42345;1779648-1779681;50208207;1606680
42345;1779648-1779681;50147772;1607041
42345;1779648-1779681;50208203;1606684
415093;1777827-1777839;50171298;1341871
415093;1777827-1777839;50170636;1342791
490834;1754073-1754054;50149940;1572054
47894;1091451-1091402;50170095;1343871
58774;1119730-1119731;50148651;1711748
411482;1098522-1098523;50229020;1676346
411482;1098522-1098523;50229019;1676344
411372;1095720-1095721;50234633;1702157
43078;1713127-1119579;50170433;1343197
43179;1713065-1119816;50170688;1342687
494014;1711033-1682223;50234344;1684333
494020;1711030-1682221;50234343;1684330
58955;1088372-1088373;50234642;1702198
411326;1097250-1097251;50234631;1702147
411384;1119781-1119782;50229048;1678132
411329;1098743-1098744;50229042;1678120
411381;1090867-1090890;50229037;1678110
411378;1088999-1088971;50229031;1678095
411338;1099728-1099729;50229030;1676373
411396;1091409-1091465;50229025;1676361
473843;1105941-1336948;50148612;1661200
58471;1309074-1309075;50148864;1606928
58471;1309074-1309075;50148149;1606982
44884;1624106-1590987;50148284;1572674
43088;1615080-1615081;50170762;1342539
43097;1607888-1105903;50210270;1661171
47599;1119835-1119836;50170338;1607142
43203;1604668-1098891;50171141;1342185
462375;999387-1338765;50147875;1573017
462375;999387-1338765;50147876;1573016
462375;999387-1338765;50147906;1572989
45873;45873-1185581;50210228;1571966
45873;45873-1185581;50210229;1595555
462394;1590890-1180723;50147778;1573105
462394;1590890-1180723;50170424;1821459
490775;1556865-1533785;50149985;1572040
490840;1555983-1548187;50149933;1572068
44057;1556080-70645;50148127;1629214
44057;1556080-70645;50149930;1572074
44057;1556080-70645;50149928;1595557
42639;1187207-1177749;50147815;1607038
47482;1570783-1119770;50170571;1342921
43147;1570782-1095944;50170191;1343679
43157;1570780-1086153;50170226;1343609
43157;1570780-1086153;50170673;1342717
46477;1570779-65663;50171271;1341925
412743;1570776-1274434;50170763;1342537
47684;1570775-1119741;50171189;1342089
58873;1570773-1085193;50170621;1342821
462388;1570771-63923;50170312;1343437
43080;1570769-1244780;50170457;1343149
43080;1570769-1244780;50170342;1343377
43140;1570763-655235;50170241;1343579
43140;1570763-655235;50170381;1343301
483901;1569389-1391541;50149329;1572118
47046;47046-62825;50148645;1572358
47238;1105546-1105547;50148779;1572257
59206;1106066-1106067;50148828;1572207
46007;1375630-1375629;50148629;1661198
58270;58270-73042;50210217;1606646
58270;58270-73042;50148581;1572415
47889;1108113-1106007;50211179;1824330
47889;1108113-1106007;50148648;1824335
47900;47900-655336;50148705;1572327
44199;1105643-1105642;50148995;1572138
58792;1119855-1119856;50148588;1572408
58792;1119855-1119856;50148587;1572409
474069;1107763-63029;50148866;1572174
474069;1107763-63029;50148641;1572362
43177;43177-1208846;50148628;1661199
43172;1105608-1105629;50210331;1571932
44493;999521-999403;50148619;1572382
43146;1119620-1119621;50148585;1572411
43124;43124-69647;50148632;1572370
43125;1105902-1105900;50148624;1572377
43103;1105883-1105885;50210316;1606634
43094;1103124-1103123;50148589;1572407
43094;1103124-1103123;50210222;1606644
44491;44491-71253;50148106;1572839
44521;44521-71989;50147757;1573124
425987;846468-1102405;50148324;1572636
44857;44857-73690;50210134;1606660
44857;44857-73690;50210133;1606661
58728;1098467-1274414;50148882;1572160
58728;1098467-1274414;50148041;1661256
42949;42949-72024;50147751;1573130
58716;58716-840995;50208194;1572026
42195;1026746-71519;50147879;1573014
44509;44509-1108675;50147915;1572980
42230;1026775-71293;50148402;1572566
43483;43483-71868;50210151;1571988
44066;44066-70426;50148222;1661234
44594;44594-71243;50148261;1572697
43411;917052-71001;50148125;1572821
47891;47891-73695;50148069;1572866
44911;1338069-1338068;50148113;1572832
44911;1338069-1338068;50210077;1606674
42461;1332128-1332129;50148118;1572828
44643;44643-71977;50148824;1572211
42585;1035021-71469;50147787;1573097
417675;828124-1108674;50148872;1572168
44052;44052-71785;50148345;1572617
45229;1035221-1647358;50148048;1572880
43811;43811-71558;50148850;1572186
47826;47826-70375;50210093;1606670
44515;44515-1183711;50148858;1572181
44515;44515-1183711;50147769;1573113
45508;45508-71423;50147860;1573032
42972;42972-73617;50147866;1661294
45193;45193-841080;50148304;1572654
479056;1187225-71557;50148997;1572137
479056;1187225-71557;50148854;1572184
479056;1187225-71557;50148724;1572309
43423;43423-73657;50148259;1572699
42334;1034598-71034;50148236;1572720
44227;44227-71972;50147732;1573145
44227;44227-71972;50147734;1573143
44371;44371-1209701;50148018;1661264
43364;43364-72004;50147756;1573125
44799;44799-71216;50147789;1573095
43055;43055-71808;50147892;1573001
45630;45630-71828;50147877;1661293
473676;1244800-1244799;50147882;1573011
473676;1244800-1244799;50147880;1573013
58717;58717-71227;50148446;1661214
42751;1035176-71075;50148430;1572541
44609;44609-73640;50148442;1572534
45116;45116-71170;50148361;1661228
462371;1095305-71150;50148374;1572592
47021;47021-71054;50148245;1572711
47021;47021-71054;50148243;1572713
47021;47021-71054;50148242;1572714
47136;1119888-1119889;50171317;1341833
47967;47967-61850;50170310;1343441
43225;1110009-1106569;50170511;1343041
46725;1119876-1119877;50170401;1343261
46725;1119876-1119877;50170694;1342675
46304;46304-69671;50170261;1343539
45735;1109904-1100279;50170475;1343113
47525;1100265-1100266;50170603;1342857
43220;43220-73721;50170165;1343731
43220;43220-73721;50170166;1343729
43220;43220-73721;50170167;1343727
43219;43219-63880;50170851;1342361
47963;47963-66520;50170355;1343351
47962;1099758-1099759;50170251;1343559
43208;1099636-1099637;50171226;1342015
43208;1099636-1099637;50171227;1342013
47960;1119864-1119865;50170930;1342203
43206;1099552-1099553;50170591;1342881
43195;1119860-1119861;50171230;1342007
47950;1085620-1085621;50170081;1343899
47665;1119849-1119850;50170131;1343799
43191;1099147-1099148;50170660;1342743
43189;1099087-1099088;50171185;1342097
43189;1099087-1099088;50170747;1342569
461504;1119841-1119842;50170495;1343073
461504;1119841-1119842;50170496;1343071
461504;1119841-1119842;50170123;1343815
461504;1119841-1119842;50170280;1343501
47955;1119839-1119840;50170899;1342265
43202;1085830-1085831;50170764;1342535
43202;1085830-1085831;50170766;1342531
47953;1098809-1098765;50170806;1342451
479059;1187250-1097490;50170797;1342469
479059;1187250-1097490;50171186;1342095
47948;1097359-1097360;50171202;1342063
47948;1097359-1097360;50170115;1343831
47948;1097359-1097360;50170535;1342993
47181;1097248-1097249;50170197;1343667
47946;1119825-1119826;50170367;1343329
47946;1119825-1119826;50170596;1342871
47946;1119825-1119826;50170365;1343333
58798;1119896-1253146;50171198;1342071
58798;1119896-1253146;50170035;1343991
58798;1119896-1253146;50170758;1342547
47885;1119817-1119818;50170150;1343761
462901;1106623-1661476;50170483;1343097
44201;1106464-1106463;50170800;1342463
45705;45705-71269;50170757;1342549
45705;45705-71269;50170835;1342393
47942;1095458-1095457;50170560;1342943
47130;1119765-1119766;50170093;1343875
43168;1119763-1119764;50171204;1342059
47125;1095160-1095161;50171274;1341919
44161;1119742-1119743;50171199;1342069
43162;1098337-1098325;50170914;1342235
47899;1106363-1106367;50170675;1342713
47899;1106363-1106367;50170852;1342359
43161;1106638-1647360;50170555;1342953
43159;1115707-1244783;50170593;1342877
43247;1106611-1106612;50170460;1343143
58572;58572-1180686;50171171;1821457
47528;1098249-1098250;50170391;1343281
45804;1098109-1098159;50170865;1342333
47669;1119628-1119629;50170132;1343797
43229;1097782-1097783;50170476;1343111
43229;1097782-1097783;50170793;1342477
54249;54249-65985;50170637;1342789
45820;45820-60006;50170305;1343451
43235;1096761-1096760;50170058;1343945
43235;1096761-1096760;50170057;1343947
45784;1119894-1119895;50170462;1343139
45784;1119894-1119895;50170837;1342389
46163;1096191-1096182;50171269;1341929
43149;1096095-1096097;50170845;1342373
427872;1096012-1096013;50170863;1342337
427872;1096012-1096013;50170804;1342455
47939;1119618-1119619;50171264;1341939
43144;1086011-1086012;50170283;1343495
43246;1095748-1095749;50170811;1342441
43142;1095697-1095713;50170173;1343715
43084;43084-1095085;50170144;1343773
47484;1094973-1094984;50170808;1342447
47484;1094973-1094984;50170253;1343555
43082;1270247-1270248;50170490;1343083
47935;1094481-1094482;50170479;1343105
47603;1094425-1094427;50170712;1342639
43133;1092857-1092861;50170779;1342505
46482;46482-66063;50171178;1342111
43131;1092772-1092782;50170129;1343803
45860;1092506-1092507;50170394;1343275
43130;1092278-1092312;50170169;1343723
47903;1091870-1091871;50171162;1342143
43044;1091839-1091847;50170651;1342761
47884;1091697-1091698;50170269;1343523
47911;1119604-1119605;50170550;1342963
47911;1119604-1119605;50170549;1342965
47199;1119608-1119609;50170101;1343859
47906;1119595-1119596;50170285;1343491
45745;1337829-1337830;50170174;1343713
45759;45759-761419;50170882;1342299
47322;1088609-1647361;50171214;1342039
47322;1088609-1647361;50170692;1342679
47920;47920-65910;50170358;1343345
47920;47920-65910;50170034;1343993
47898;1119572-1119573;50170295;1343471
43075;1086445-1086076;50170038;1343985
43075;1086445-1086076;50170371;1343321
43074;1119576-1119577;50170860;1342343
43074;1119576-1119577;50170404;1343255
415484;1085709-1085715;50170113;1343835
43121;1085587-1106547;50170324;1343413
43121;1085587-1106547;50170298;1343465
473159;1119570-1119571;50170089;1343883
47491;1091502-1091532;50170104;1343853
47491;1091502-1091532;50170413;1343237
47491;1091502-1091532;50170569;1342925
43115;1086377-1086376;50170719;1342625
45771;1119564-1119565;50170900;1342263
47932;1091130-1091144;50170585;1342893
46035;46035-69682;50170493;1343077
42288;1026949-1030331;50148193;1572760
44909;1348042-655244;50147826;1573061
42874;42874-841015;50148364;1572601
58718;1119719-1304195;50170710;1766999
58718;1119719-1304195;50171288;1341891
44211;1802807-1802808;50148440;1661215
43170;1801062-70956;50148543;1572446
473506;1801059-1098279;50171297;1341873
47770;1801043-1091900;50170588;1342887
46366;1095249-1095250;50170817;1342429
43407;43407-1806054;50170449;1343165
44533;44533-1777839;50147957;1661274
473458;1328218-1328217;50148510;1572476
413433;1347842-1347841;50148471;1572512
47247;47247-71647;50148007;1572912
47247;47247-71647;50148005;1572914
473477;1097017-71545;50148895;1572147
473477;1097017-71545;50148516;1572470
43046;43046-73675;50148482;1572501
45131;45131-71232;50148488;1572496
43066;1103098-1103099;50148750;1572284
43066;1103098-1103099;50210277;1571950
43067;1119536-1119537;50170307;1343447
45877;1105940-1105938;50148613;1572387
470195;1347557-655322;50147985;1572932
470195;1347557-655322;50148561;1572430
473875;1106207-71673;50147946;1572961
44500;44500-1804160;50149316;1661190
43234;43234-70359;50148580;1572416
43232;43232-63025;50148642;1572361
43232;43232-63025;50148792;1572245
43198;1105680-1105679;50148526;1572463
43198;1105680-1105679;50148870;1572170
43198;1105680-1105679;50148527;1572462
43186;43186-897147;50148626;1572375
43607;43607-70427;50148616;1572384
43833;43833-71161;50148609;1572389
53784;1368248-1368249;50148531;1572458
53784;1368248-1368249;50148530;1572459
463354;1026891-71073;50148153;1572798
44453;1556867-69884;50148734;1572300
44453;1556867-69884;50148857;1606929
44580;1249384-1249385;50148713;1572320
44580;1249384-1249385;50148714;1572319
45101;1034783-73635;50147917;1572979
43076;1106573-1106574;50170649;1342765
483899;1470335-1389616;50149334;1572114
483899;1470335-1389616;50149332;1572116
43087;1087003-1087004;50170041;1343979
46286;46286-69950;50170452;1343159
46286;46286-69950;50170431;1343201
46387;1084944-1084945;50170418;1343227
42981;799228-897922;50148439;1661216
45060;841115-841116;50148435;1661220
42579;1035031-1209700;50148765;1572271
42579;1035031-1209700;50147802;1573082
462352;998855-71135;50148351;1572611
44875;44875-71092;50148014;1572905
42426;1332110-1647359;50148015;1661265
45065;45065-71750;50148317;1572641
45065;45065-71750;50148316;1572642
473111;1087364-1244771;50148910;1572142
473111;1087364-1244771;50170916;1342231
42560;1034962-73647;50210136;1606658
42589;1034979-73689;50148097;1572847
43222;1119885-917049;50171234;1341999
43222;1119885-917049;50170690;1342683
43222;1119885-917049;50170390;1343283
43212;43212-1208863;50170207;1343647
45067;1109914-1209691;50170873;1342317
45067;1109914-1209691;50170474;1343115
44628;1098281-1274418;50170870;1342323
47876;1092265-1092422;50170677;1342709
47876;1092265-1092422;50170678;1342707
47875;1085307-1106544;50170427;1343209
42779;1337892-1337893;50148231;1572725
44583;44583-71637;50147744;1661302
473459;1351638-1351675;50148859;1572180
45170;1348050-1348049;50210159;1606652
44119;1347960-1347959;50148358;1572606
44119;1347960-1347959;50210144;1571996
44067;1347830-1347831;50148227;1572729
44067;1347830-1347831;50148225;1572731
43674;1347818-1347817;50210109;1572010
43674;1347818-1347817;50148195;1572758
42885;1347696-1347695;50148169;1572782
42674;1347680-1347679;50148768;1572268
43238;1347565-1115729;50171167;1342133
43238;1347565-1115729;50170249;1343563
43096;1347553-1087932;50171312;1341843
43096;1347553-1087932;50171311;1341845
43096;1347553-1087932;50170634;1342795
44508;1346947-70657;50147873;1573019
470519;1090150-1113509;50171211;1342045
473461;1309045-1309044;50148079;1572861
473456;1096872-70596;50148130;1572816
473456;1096872-70596;50148132;1606986
470546;1072228-73696;50148063;1572871
44513;44513-70604;50148134;1572813
44532;44532-71591;50148211;1572743
44512;44512-71579;50148212;1572742
44507;661051-658565;50148138;1572810
44510;44510-71799;50147898;1572995
44510;44510-71799;50147900;1572993
42984;42984-71137;50148163;1572788
43395;43395-71294;50148274;1572684
44511;44511-71450;50147886;1573007
44511;44511-71450;50147885;1573008
42771;1035251-71376;50147938;1572969
42771;1035251-71376;50147939;1572968
45205;917066-71781;50148310;1572648
45205;917066-71781;50148312;1572646
44343;828195-828196;50148140;1572808
42789;1035292-655432;50148773;1572263
44520;44520-71710;50148333;1572628
44524;44524-71084;50148251;1572706
58879;1119560-1119561;50170177;1343707
43107;1088970-1088994;50170186;1343689
47929;1088952-1088953;50170522;1343019
47928;1119550-1274415;50170573;1342917
47174;47174-841014;50170138;1343785
47897;47897-66858;50170646;1342771
43102;1119546-1119547;50170824;1342415
47533;1088265-1088266;50171330;1341807
47533;1088265-1088266;50171332;1341803
43099;43099-59940;50170828;1342407
47925;1119544-1119545;50170606;1342851
43098;1085748-1085749;50170743;1342577
43098;1085748-1085749;50171266;1341935
47124;1119552-1119553;50170578;1342907
47905;47905-59830;50170786;1342491
45453;45453-1108637;50171329;1341809
411446;1085529-1085530;50170575;1342913
411446;1085529-1085530;50170609;1342845
411446;1085529-1085530;50170574;1342915
47654;1087754-1087693;50170107;1343847
51238;1087675-1087680;50171139;1342189
51238;1087675-1087680;50170904;1342255
43091;1087585-1087567;50170611;1342841
45437;45437-1108690;50170043;1343975
45419;1119612-634539;50171170;1342127
47918;1085497-1085499;50170051;1343959
43071;1086784-1086785;50171147;1342173
43071;1086784-1086785;50171145;1342177
43071;1086784-1086785;50171146;1342175
47917;1085135-1085141;50170046;1343969
46647;1119931-1119932;50170333;1343395
